population_density,avg_age,workplace_count,public_events,temperature,day_of_week,activity_level
6597,57,17,1,37.66672036537976,5,Moderate
6912,29,5,2,25.215124268081002,6,Low
9336,23,39,0,36.16751808376003,0,Moderate
12325,27,0,4,18.951532507291233,4,Moderate
7178,19,46,3,15.541044865205892,6,Moderate
10827,42,41,3,34.62228486659625,4,High
5520,24,29,4,16.869916199923484,3,Moderate
6243,57,3,0,39.713116683148044,0,Low
610,40,31,4,31.8699107400389,6,Moderate
9275,28,9,0,33.83624275605264,1,Low
11917,53,42,2,21.14509640694665,6,High
10178,40,4,1,31.846634847992203,1,Moderate
5364,24,8,0,16.08049843137393,0,Low
13967,44,4,3,35.94564299809002,4,Moderate
2148,30,10,3,19.24060232578931,0,Low
6881,34,34,1,32.433951670844266,4,Moderate
2881,49,26,0,20.61201253081821,4,Low
605,43,3,1,16.711329235651068,5,Low
12245,39,9,2,27.037341963734857,5,Moderate
6318,30,38,1,19.232155256819738,1,Moderate
10386,29,32,2,33.23609970816375,3,Moderate
10425,24,37,3,20.939146084587122,2,Moderate
881,18,7,2,23.561813905895722,0,Low
11428,50,48,0,29.185981281611824,4,Moderate
4856,31,23,0,22.12420693943279,0,Low
6418,58,38,0,24.44970290524904,3,Moderate
1816,34,32,0,35.39054427600966,3,Low
5954,21,40,4,19.480246239025643,2,Moderate
11394,56,42,2,17.055039737048343,6,Moderate
13607,18,18,0,23.208944628325483,2,Moderate
4574,58,1,1,25.609419175346954,4,Low
5304,41,10,1,28.56648205341419,5,Low
1406,51,34,4,24.31059240437518,6,Moderate
8121,51,16,2,34.74779250557013,2,Moderate
1162,41,41,2,15.982987191711832,5,Low
14107,32,2,2,25.79418845496395,6,Moderate
7218,34,21,4,24.556397866410116,5,Moderate
9154,30,34,2,31.189462270171475,4,Moderate
11594,24,20,2,39.1569062974349,1,Moderate
13372,26,24,0,27.759385165721554,5,Moderate
1442,52,38,2,39.67192117354301,4,Moderate
8849,40,1,0,22.556234872829936,2,Low
6915,56,0,0,15.771703313561526,0,Low
14638,40,6,2,19.14157918691032,2,Moderate
3809,43,19,1,24.878122119364182,3,Low
1826,18,42,3,22.908347729713803,2,Moderate
11409,31,5,1,17.426353274584443,1,Moderate
11360,49,35,2,25.81650269226792,4,Moderate
11260,27,20,2,23.452894291489066,5,Moderate
12084,18,45,1,18.06548051143596,3,Moderate
2606,22,34,2,22.402928265297724,4,Moderate
14169,20,35,0,37.16090138388476,4,Moderate
5299,44,7,4,22.551221637233503,5,Low
9339,39,49,2,32.84888558105129,6,High
12014,35,3,2,30.30117699144389,2,Moderate
3438,33,42,1,25.679529060209294,0,Moderate
2983,19,15,0,20.975640920091728,6,Low
12933,30,2,1,24.225367483648636,3,Moderate
11598,33,6,1,29.80268033677607,5,Moderate
11717,25,1,2,23.768830368733873,1,Moderate
1875,25,0,0,20.372410839355794,1,Low
8356,27,0,2,17.911568722290802,0,Low
10515,50,37,2,36.99417344773913,0,Moderate
744,48,6,2,26.00782439379764,2,Low
14371,29,23,2,30.63020804357325,1,Moderate
2848,26,4,4,27.26025902842013,3,Low
9559,54,20,3,36.81416295894908,5,Moderate
14935,26,27,0,28.673371311205273,0,Moderate
11553,35,17,4,27.019535448727833,0,Moderate
979,47,23,3,38.115024760542816,0,Low
11154,49,31,3,32.992239901133864,5,Moderate
2435,57,44,3,17.78874768367143,3,Moderate
14753,40,32,4,19.442611529920352,1,High
6257,28,9,0,34.67807157348605,6,Low
12065,37,8,1,35.89628302949886,3,Moderate
11713,36,48,3,28.629770727257412,5,High
11884,53,32,1,28.861380696665982,3,Moderate
587,43,32,1,30.79832407128611,2,Low
9932,27,6,2,25.977894357065985,6,Moderate
9264,41,3,1,32.0049780870976,5,Low
9505,30,27,2,17.71203143916039,6,Moderate
678,51,22,0,39.03198105918466,6,Low
10417,46,31,0,33.75387059487304,0,Moderate
662,53,43,2,30.779355100225175,1,Moderate
3140,24,15,0,22.90805142523702,6,Low
9697,47,45,3,19.02388718641823,2,Moderate
2848,34,9,0,25.23357409572362,2,Low
2921,30,13,2,31.53941851435146,5,Low
11447,41,38,3,30.84274358557777,4,High
4798,48,35,1,24.566028876639287,0,Moderate
4642,44,33,1,30.332159845828244,1,Moderate
13250,38,23,1,35.343707389188694,1,Moderate
12433,18,17,2,15.657119308440176,1,Moderate
5003,32,15,1,26.265526198256893,5,Low
1717,20,40,0,33.96388071166977,0,Low
2974,23,36,1,28.65361176158443,6,Moderate
1429,31,40,4,31.28690219822675,6,Moderate
8458,55,24,4,27.91690981513355,5,Moderate
9008,50,7,1,39.796863617057774,1,Moderate
2002,55,23,1,16.365538412225956,6,Low
920,25,19,4,27.276120544309432,3,Low
14080,43,47,1,17.28541372786294,3,High
6330,32,29,3,18.99463905283926,0,Moderate
14547,31,19,4,24.575958760456544,1,High
4858,37,17,2,18.888502287512182,5,Low
1949,36,3,4,39.09217914891627,4,Low
6311,50,47,0,38.66974441812898,4,Moderate
9119,53,35,3,23.402741155515095,4,Moderate
8371,41,5,2,30.99369280094199,3,Moderate
9088,27,2,1,28.343833014844652,5,Low
14027,51,17,0,35.38967451289422,4,Moderate
9487,53,46,0,30.686140245423555,1,Moderate
606,53,39,3,15.006311362264052,1,Moderate
4549,33,17,2,34.07935964024347,4,Low
8789,32,22,0,33.67120303240296,2,Moderate
2403,35,34,2,27.743067639162028,4,Moderate
8149,24,5,2,37.57297433082634,2,Moderate
4070,39,25,0,37.71115514226004,0,Low
11993,49,20,2,28.097791917609932,0,Moderate
5876,36,23,3,30.199705779913444,1,Moderate
542,57,14,0,39.91305179811681,5,Low
6885,18,26,3,22.470505870285436,3,Moderate
2077,52,31,3,23.115431057786935,5,Moderate
12882,22,11,2,19.56934756658741,1,Moderate
6565,29,4,2,37.396673478946695,1,Low
6385,29,6,0,33.61220974873166,5,Low
12975,38,21,1,17.641071221756047,3,Moderate
9076,36,26,0,39.54418377994914,1,Moderate
13606,26,14,3,33.274042704027906,6,Moderate
12163,53,38,2,36.263052740124365,6,High
4077,59,44,3,16.203769729330023,3,Moderate
3738,49,34,4,27.62402297355419,1,Moderate
5744,52,25,4,32.464957168175985,6,Moderate
10388,48,22,3,28.57366461429603,0,Moderate
2634,49,12,1,31.666186642481936,2,Low
4392,54,25,1,35.44685158976181,1,Low
11228,49,2,0,24.358426574004906,2,Low
4821,54,28,0,36.216716890467744,4,Low
6276,56,1,0,19.072902619132268,6,Low
11084,55,27,2,21.77215137565937,1,Moderate
14685,47,22,1,16.083640498183144,0,Moderate
13305,49,35,3,24.11067028338128,3,High
6328,19,48,4,24.49773862060301,0,Moderate
4315,28,5,1,35.131764930181276,2,Low
795,37,10,1,31.3282667572414,3,Low
913,54,37,1,25.918063953891668,0,Low
6456,26,33,0,31.302849465593706,0,Moderate
10687,55,16,2,16.31958376289228,0,Moderate
6778,36,2,3,19.506788400459403,5,Low
14816,57,43,0,30.673696381043875,3,High
7168,24,45,2,31.034170480632557,0,Moderate
8695,22,33,1,34.353366467685674,6,Moderate
677,59,21,2,25.074993976340053,6,Low
9437,41,28,0,33.0638524154039,0,Moderate
4854,58,28,1,32.09950831400474,2,Moderate
9343,24,4,0,39.084834459246224,0,Low
6414,28,9,3,20.37825566061698,6,Low
5982,26,9,1,28.791989093815985,0,Low
12581,47,8,2,30.044111052761732,4,Moderate
3771,58,20,0,39.966197123355514,3,Low
7187,20,12,4,20.029603554166293,4,Moderate
11174,39,9,2,28.080450499182305,5,Moderate
5892,57,37,2,23.65463269284097,2,Moderate
789,37,10,1,28.147324214474995,4,Low
9494,49,3,2,20.80321505257765,5,Moderate
11222,24,45,0,16.190309460687203,1,Moderate
14809,24,30,4,29.314136347442222,3,High
8925,37,48,3,23.396357896520804,0,High
907,42,33,4,19.548535043710842,4,Moderate
1193,52,41,0,23.098389151950844,4,Low
1669,41,34,1,16.232005036193623,0,Low
13349,57,38,0,38.76105585225258,0,Moderate
11169,30,38,2,29.528697874331513,2,Moderate
9123,56,32,1,35.369217033675625,4,Moderate
8282,21,7,3,25.57795493869326,4,Moderate
14356,29,31,3,37.58286668915464,6,High
11236,34,32,0,27.08295553880633,1,Moderate
9674,18,7,2,29.348633055016734,6,Moderate
11852,34,45,3,27.29484950156642,5,High
3544,19,13,4,33.331957396691294,1,Moderate
6030,23,33,1,29.166401940051557,6,Moderate
5492,28,7,4,21.789973089509942,4,Moderate
4424,35,41,3,18.638488283066156,1,Moderate
7470,57,6,3,30.153109722074444,4,Moderate
3812,42,12,0,27.229499038675904,3,Low
13565,56,20,0,17.399392417402822,2,Moderate
4818,45,46,1,24.89043664483171,1,Moderate
14559,33,31,0,27.869410550011338,4,Moderate
2188,29,10,2,35.67233084563975,1,Low
967,58,13,1,16.90252639583406,5,Low
11308,46,10,2,23.71238370615007,2,Moderate
10037,40,1,0,35.56640306775964,3,Low
2922,38,33,1,31.21059829428947,0,Low
7779,33,43,3,22.248958045094668,0,Moderate
5007,58,46,4,36.13337805056606,1,Moderate
5221,43,16,3,27.332339514067307,4,Moderate
5871,54,13,2,27.458797282761513,5,Low
9703,39,24,3,39.41468348000961,2,Moderate
8041,27,47,3,38.677912580909464,3,High
10369,24,26,4,23.9633170842461,3,Moderate
12389,26,7,4,18.514478216577057,6,Moderate
13589,42,16,3,23.14166830695235,3,Moderate
12758,32,4,4,15.762081507784702,0,Moderate
10584,30,11,3,15.51919716775978,2,Moderate
14348,59,37,1,24.88805340628548,6,High
14179,43,17,3,38.52549556743085,0,Moderate
11561,38,25,0,36.78393353080519,1,Moderate
13042,40,30,4,27.786070847940575,3,High
1986,45,36,4,29.130659529270766,2,Moderate
12031,55,5,2,15.148337418651412,3,Moderate
14961,29,40,2,20.387528895844138,0,High
10108,41,14,0,15.619353173359594,0,Low
13549,30,41,4,33.86348831738469,0,High
11538,57,48,4,18.641144900662443,3,High
10049,19,25,2,36.72617756192042,2,Moderate
12752,56,11,2,31.083107841894705,2,Moderate
13352,29,40,3,20.735466912892832,1,High
10083,56,46,4,18.943007927081243,3,High
10270,31,13,4,30.690617523076327,1,Moderate
4249,47,0,3,37.52092450705808,5,Low
12317,58,16,4,32.959005472859545,1,Moderate
8559,36,32,0,23.71366629008444,1,Moderate
3003,48,28,2,29.684589881716178,1,Moderate
8355,42,44,2,22.769042384310534,0,Moderate
13878,21,30,2,39.97873916946647,5,High
11829,30,7,1,33.72097971154628,6,Moderate
7555,53,29,0,30.35954099391884,1,Moderate
14406,59,12,0,25.58147856914573,2,Moderate
11601,54,15,3,30.453807256488933,1,Moderate
11356,20,1,1,23.540401561683368,0,Moderate
899,33,44,4,15.72162098645077,4,Moderate
4882,43,17,0,24.87721305891582,6,Low
12649,57,34,1,38.26202048949668,5,Moderate
10925,56,44,1,30.657527369346646,4,Moderate
2039,36,18,0,17.098892576772542,4,Low
8928,32,12,3,37.12484033487564,5,Moderate
7685,49,3,1,21.721871233537872,3,Low
5410,38,18,2,21.094237327068186,6,Low
9619,18,49,1,22.42727421950802,6,Moderate
5009,23,24,4,29.430055903148936,2,Moderate
6551,44,37,0,28.617202335849413,0,Moderate
6652,40,30,4,27.285343865572045,5,Moderate
9111,48,35,3,32.938421587815675,4,Moderate
4624,29,3,2,22.913443283373976,0,Low
2895,38,38,0,34.55161303931078,0,Low
9352,19,6,1,19.38304195946498,3,Low
11315,22,15,2,34.56551972692523,4,Moderate
4450,26,47,1,31.595252631257072,1,Moderate
949,37,4,3,32.080207738689666,0,Low
879,35,46,0,27.0388349281815,4,Low
9942,39,22,3,31.675038317021617,6,Moderate
7785,25,35,3,16.994926163986435,0,Moderate
11151,51,31,3,36.28877792623418,3,Moderate
11690,26,23,3,16.38868083719115,3,Moderate
13143,24,24,1,18.718537746787437,1,Moderate
2801,47,44,4,29.41974271243091,3,Moderate
8210,35,27,1,33.485286386417286,4,Moderate
6292,44,18,2,16.90628910865634,5,Low
9418,33,6,3,38.019120353058,3,Moderate
10159,38,43,2,39.340191220017466,5,High
11420,22,40,1,30.148754325192776,1,Moderate
11844,46,16,3,27.031086384420913,6,Moderate
7716,54,1,1,33.53487430699374,2,Low
12212,39,15,3,23.208933808180134,0,Moderate
5405,31,38,1,27.331610852627662,0,Moderate
6499,36,17,0,37.903775670360034,4,Low
12046,52,38,4,38.89138563103834,1,High
9107,41,0,4,38.17672790127963,1,Moderate
7622,59,2,3,21.561201674096004,1,Low
1099,23,20,0,20.811726005419086,0,Low
7788,20,29,2,22.441612648232855,3,Moderate
11766,51,10,0,26.032777809711504,0,Moderate
14127,19,21,3,22.85418531979909,0,Moderate
12866,32,46,0,24.355319893476448,0,Moderate
8421,54,24,2,30.51592380301899,6,Moderate
2067,32,2,3,34.0631419273494,6,Low
1594,49,29,4,33.38895495669793,3,Moderate
11635,38,23,0,35.3605891769788,2,Moderate
14008,34,44,4,15.804610080385054,4,High
12845,51,35,4,16.1933447419689,2,High
10139,49,22,1,34.734574017215735,2,Moderate
10184,40,7,2,28.326970558115796,0,Moderate
11363,52,3,0,29.453516844053006,2,Low
6691,54,49,4,16.314671505359428,0,Moderate
1958,58,38,4,21.38284502928177,0,Moderate
9900,54,42,2,30.958857622136943,4,Moderate
8546,50,30,4,36.479547252766906,1,Moderate
5434,42,28,4,37.924584929535065,0,Moderate
10904,54,35,4,27.510487395877043,6,High
14538,57,12,4,28.63685581845494,2,Moderate
1854,38,40,1,35.826240776724774,4,Moderate
6973,55,8,1,28.440615018683864,5,Low
13932,57,20,3,27.921463138432934,5,Moderate
8904,51,2,0,37.62710094402384,5,Low
4394,36,24,2,34.748318026397,2,Moderate
13294,44,24,3,37.72681315903236,1,High
8532,26,11,1,20.456176369528844,3,Low
3463,22,28,1,28.109387166383918,1,Low
11540,22,10,1,36.061803214833944,4,Moderate
3542,42,10,3,17.77869568667772,1,Low
14357,43,48,1,34.86655385734905,5,High
7473,36,25,3,19.574334585371737,1,Moderate
7639,47,13,1,35.20296887463303,4,Moderate
11726,53,15,4,30.300023438921706,4,Moderate
7430,33,9,4,19.83089978712168,5,Moderate
2232,24,30,0,26.833854483320028,6,Low
8370,35,30,1,32.04762916151929,2,Moderate
5840,38,35,0,30.84632252208856,0,Moderate
5611,48,9,3,25.68117990579261,3,Low
3581,18,25,0,37.484163223023174,3,Low
13931,20,19,1,27.981585362196107,5,Moderate
8302,48,43,3,27.64668246321721,6,Moderate
9962,42,8,3,16.556264748536357,3,Moderate
8027,25,14,4,38.05300974494092,1,Moderate
14720,18,8,3,19.427914216959323,4,Moderate
5368,24,6,3,28.208617335913857,6,Low
2029,24,25,0,35.08919003500775,4,Low
1581,25,23,3,20.386331923891085,5,Low
8494,36,11,2,28.18433224927103,4,Moderate
4031,34,19,4,21.017122730583523,0,Moderate
9843,28,13,4,33.99237494499779,4,Moderate
10414,58,21,3,29.10852919682877,4,Moderate
1216,28,15,0,36.399396509878585,6,Low
6729,55,28,4,37.36395007193457,1,Moderate
12891,58,31,4,31.218337061134953,2,High
10882,19,18,2,33.13478115397361,3,Moderate
704,21,34,3,28.730502497171592,1,Moderate
7284,45,42,4,24.610718326684573,1,Moderate
12521,50,31,4,31.202948075520865,1,High
11801,28,19,4,37.70721558718322,3,Moderate
4594,20,39,4,25.41700951078595,5,Moderate
5982,57,19,0,22.860250659344885,1,Low
6240,22,7,1,24.710923463814353,2,Low
10024,38,34,2,25.88494075528999,5,Moderate
7719,39,41,0,16.839025724442905,4,Moderate
10740,54,12,2,27.46104601087486,2,Moderate
6654,28,40,4,27.35785620125149,6,Moderate
10541,39,5,2,29.711095691013078,5,Moderate
5342,58,46,3,24.070500761783286,4,Moderate
14451,30,15,3,30.327689898889744,4,Moderate
8603,20,4,1,36.955407756855074,1,Low
9929,30,44,1,38.886774762379105,1,Moderate
2518,45,33,2,29.59030540352624,3,Moderate
5551,28,5,0,16.064773849257826,0,Low
9209,28,32,0,39.230899931677726,2,Moderate
8335,38,14,4,32.646551522406405,3,Moderate
1938,38,14,0,23.399091213841302,3,Low
4586,24,13,1,18.678942524093085,2,Low
5627,34,38,0,18.585465305906872,5,Moderate
2552,31,4,4,19.19361015349007,6,Low
8029,50,25,3,16.139313040345506,2,Moderate
14947,28,47,0,37.55385471632279,4,High
7647,30,16,0,28.51920582068341,6,Low
4868,18,42,1,32.498985317845936,0,Moderate
5017,51,46,2,35.70271273170769,5,Moderate
2812,26,15,3,34.78852515833,1,Low
6077,30,34,2,37.06514059322104,0,Moderate
10951,54,37,4,39.1813655631238,0,High
11841,47,22,4,25.976765368548488,1,Moderate
9473,58,12,2,38.75838666670977,0,Moderate
11405,54,32,1,33.082248708570404,5,Moderate
1744,24,28,1,16.766704757701962,5,Low
2916,31,45,1,32.044578030308635,5,Moderate
6990,23,33,3,32.167916490121215,3,Moderate
6668,51,33,4,37.64651409481318,3,Moderate
9667,33,26,4,24.3233033117523,5,Moderate
12183,54,14,4,29.622787506795447,1,Moderate
12117,53,49,3,15.304688775293563,1,High
6339,23,8,4,23.3018810545334,2,Moderate
9108,25,25,2,16.556093153969524,2,Moderate
8906,41,2,0,28.046824319122422,5,Low
12670,20,35,3,35.43619126267383,6,High
9827,21,46,0,20.161067303226723,0,Moderate
7597,49,4,2,28.186026138944463,0,Low
12467,18,19,1,20.100215912769176,1,Moderate
5509,51,19,1,18.01721169615601,6,Low
2082,26,4,1,27.77491979835856,0,Low
14812,29,9,3,16.97871552374319,4,Moderate
13215,27,15,1,29.683865778449736,3,Moderate
9424,27,24,3,15.783436516918156,0,Moderate
11438,40,43,3,17.66787429670939,0,High
8376,23,24,0,28.749937137183945,2,Moderate
10955,41,29,1,29.78518532247285,4,Moderate
13200,41,13,4,15.724673252343951,0,Moderate
12496,38,21,1,29.33441970003896,3,Moderate
2927,59,42,1,35.962563133090924,0,Moderate
6221,48,27,1,33.05790443234885,1,Moderate
8923,58,29,4,18.279627598019964,4,Moderate
5430,47,18,4,29.811866189090374,0,Moderate
4853,51,37,3,31.806312501855338,6,Moderate
8332,35,41,4,15.930780043807294,4,Moderate
5875,29,19,3,36.38369171709057,0,Moderate
902,52,34,0,37.65668493224575,3,Low
7067,24,21,3,36.26130683405647,3,Moderate
5365,58,14,1,35.615786699727835,4,Low
8646,57,10,2,33.62412996152233,5,Moderate
564,42,33,2,30.835800782049002,2,Low
2737,23,23,1,31.965675124706298,2,Low
8270,18,5,3,35.159882333374576,1,Moderate
9641,33,16,1,31.562461459032615,5,Moderate
672,21,27,4,23.193173917051773,2,Low
8435,46,49,3,24.39902755403385,4,Moderate
3175,55,30,1,37.4264367093073,2,Low
9942,45,35,4,15.428052144929048,1,Moderate
11740,39,8,4,32.47051453110705,0,Moderate
4505,25,9,3,38.869438810630385,2,Low
14199,49,20,0,32.65570424894934,4,Moderate
7044,50,33,0,39.84779970579455,4,Moderate
9329,30,30,4,32.18862263820827,1,Moderate
1448,44,28,0,15.859075730421527,6,Low
10952,35,42,4,35.675247041173094,1,High
14888,35,42,0,22.11574779848298,6,High
2194,30,10,4,26.15143064161102,3,Low
13539,39,32,4,22.80229789767705,3,High
5257,31,45,4,21.713852655241986,3,Moderate
6782,28,0,4,25.785142591744634,6,Moderate
642,56,20,2,24.468786211016845,0,Low
6501,39,22,0,30.833464546064736,4,Low
7152,53,8,4,35.32878002468777,3,Moderate
5081,34,0,1,22.42721632968102,4,Low
5587,49,20,3,20.343028820550437,1,Moderate
1960,31,21,1,31.672381771758555,0,Low
4387,59,3,1,31.75800164576954,1,Low
8984,46,0,2,37.5282809821543,4,Moderate
10335,23,9,0,15.398642161332772,5,Low
11410,21,14,2,36.32601655291275,6,Moderate
1337,28,35,0,28.025054323708922,5,Low
9729,57,28,4,30.53255222930247,3,Moderate
6346,27,45,2,17.28428601403537,5,Moderate
8963,45,4,3,25.81537332180114,1,Moderate
13836,28,28,0,20.682560180963094,6,Moderate
10650,52,46,2,21.35562575206273,5,Moderate
2869,32,46,3,27.602377866900685,2,Moderate
9497,25,26,1,35.31139876007781,0,Moderate
14492,37,24,4,33.594523253621404,4,High
3674,38,15,4,29.774998977148847,6,Moderate
6485,18,15,1,28.485454818836676,3,Low
1382,46,35,2,25.68265108086225,1,Low
9523,41,24,1,39.31774933903466,0,Moderate
13900,47,40,3,29.004813855855833,3,High
3671,57,0,0,21.349159957805554,1,Low
10883,52,4,2,20.75226980100099,5,Moderate
2540,50,40,0,30.283825769378545,6,Low
13893,37,19,1,28.070688182773218,4,Moderate
7232,33,4,4,15.19244507386782,6,Moderate
10286,26,35,0,35.75163430489448,2,Moderate
6872,48,28,0,32.603058855810865,2,Moderate
10318,34,47,4,31.54573224195259,6,High
6485,48,33,0,16.719516442441474,5,Moderate
8062,40,47,0,24.051396254312287,4,Moderate
12276,23,17,4,38.384556518319656,0,Moderate
6400,47,1,4,36.564731033534095,4,Moderate
8465,24,15,1,22.138573446738334,5,Moderate
5816,57,28,1,18.926472102478467,1,Moderate
8965,59,32,0,26.227198929214428,6,Moderate
1089,28,15,2,23.895759466691523,6,Low
11392,51,34,1,32.05565941764978,6,Moderate
9274,29,46,1,39.16087025210799,6,Moderate
5563,44,42,2,24.075036249564036,0,Moderate
4133,29,41,2,16.55560431630605,2,Moderate
2490,30,16,4,37.440350208559636,5,Moderate
7015,25,3,1,15.94874325599677,1,Low
1758,33,48,3,38.819147428833325,5,Moderate
14098,46,3,3,31.614485700225995,3,Moderate
3366,52,24,0,38.54223021104873,3,Low
4238,46,32,1,19.991492166224457,3,Low
1071,48,13,3,16.01749488134519,2,Low
9236,30,23,1,27.205249456912295,4,Moderate
14248,29,10,1,26.26558536425313,0,Moderate
4722,19,24,3,23.28730683137207,6,Moderate
13520,50,27,1,38.941411859717434,2,Moderate
13204,25,6,2,35.56459330403581,1,Moderate
1137,58,48,0,31.539550534389832,1,Low
8732,57,35,4,19.071457290945695,3,Moderate
5382,58,9,3,33.35808520546312,0,Moderate
4892,49,48,4,33.175311367493094,3,Moderate
10312,55,35,0,25.626704340400188,1,Moderate
4172,45,30,2,38.11964774285034,1,Moderate
12829,32,18,2,19.17444705572526,6,Moderate
12820,40,17,2,21.683439060291608,4,Moderate
9991,41,48,2,16.58060848126584,6,Moderate
7757,30,5,3,34.88627395443969,4,Moderate
5211,38,27,3,30.543984652384932,6,Moderate
13735,29,6,1,22.87350764203124,4,Moderate
6143,30,37,1,19.095341589857885,3,Moderate
659,56,11,0,16.00369425071851,5,Low
10644,40,40,1,19.168639215648415,0,Moderate
10423,45,49,0,26.332116158441455,4,Moderate
11138,31,33,0,21.179424225265155,2,Moderate
6438,34,24,0,21.474554435799167,4,Low
14585,41,16,2,36.88940916669286,3,Moderate
11854,51,32,4,27.878441836527514,0,High
10424,39,22,4,33.23129932821037,4,Moderate
1080,27,8,3,15.892773725703577,6,Low
8911,25,5,0,24.129083891950717,0,Low
8086,38,1,2,26.979233684886047,2,Low
4974,54,37,1,19.66042138025462,1,Moderate
10441,24,8,1,18.004788536138467,6,Moderate
7573,43,2,3,36.75759446249606,0,Moderate
10162,30,15,3,38.48579067749492,5,Moderate
5559,33,24,0,16.970167451135186,4,Low
13957,47,23,0,23.725467813561078,6,Moderate
4828,48,46,1,38.95714070361184,3,Moderate
1894,22,28,1,17.079043328311624,5,Low
1421,49,43,1,31.091034321968156,5,Moderate
3273,33,39,1,39.30553427417514,3,Moderate
4962,26,25,4,39.455591714534364,3,Moderate
5076,39,37,0,26.78058327259358,3,Moderate
14384,57,34,0,19.068727694559513,5,Moderate
3934,54,22,1,20.052107874435972,0,Low
7233,31,3,2,37.24003487810987,3,Low
12274,33,41,1,37.792075108243395,1,High
9810,37,13,3,30.196991096838868,5,Moderate
2365,32,46,2,34.15440998674778,5,Moderate
14822,43,38,3,33.498281286760204,5,High
13003,26,6,2,31.545539949727676,2,Moderate
1224,18,7,3,35.681923871798475,0,Low
14627,52,41,1,32.13516557600803,0,High
1211,37,18,1,28.35005764368748,3,Low
14675,23,1,2,20.92390906470392,5,Moderate
8210,59,46,3,33.59720360296548,6,Moderate
10517,27,0,4,26.835946695956864,5,Moderate
12618,50,41,2,22.369792100187734,3,High
5580,33,37,2,35.04865689354438,0,Moderate
13946,53,12,0,32.417840008825706,3,Moderate
13894,23,41,2,38.4334890781175,3,High
890,36,43,4,19.13604100047194,3,Moderate
9762,48,23,1,31.22973211591233,3,Moderate
4987,19,31,3,21.105986702204397,3,Moderate
11457,35,29,0,37.589574632541044,4,Moderate
13172,59,5,3,17.48748535641539,4,Moderate
11120,45,37,1,31.404045161121932,5,Moderate
14070,21,32,2,34.77714303820075,5,High
8616,18,43,4,23.87294600911768,6,High
7247,59,22,0,38.85345198459523,6,Moderate
13721,33,9,4,36.26826711465093,4,Moderate
6566,19,45,4,22.365457492122584,0,Moderate
4994,53,14,4,15.188527317899966,2,Moderate
10839,18,22,4,22.416429402951522,0,Moderate
4072,56,35,1,22.032761761768562,6,Moderate
13170,40,0,4,37.249115187522726,5,Moderate
11446,43,7,4,39.17802945636869,4,Moderate
11955,28,2,1,16.760999649256508,0,Moderate
12517,59,13,3,26.782370713332917,2,Moderate
8269,18,16,1,28.708299963244894,3,Moderate
12108,28,33,2,17.322791533242583,1,Moderate
10749,41,46,1,24.437442728438064,4,Moderate
2811,27,5,3,22.927060434823765,4,Low
11571,31,4,2,28.401408858177184,2,Moderate
7273,31,45,2,31.52977249329845,3,Moderate
7405,24,40,0,32.58712776241417,3,Moderate
4142,40,39,4,18.41887559033469,1,Moderate
6838,39,28,2,35.32369254861554,3,Moderate
3109,53,34,2,31.963550744768973,2,Moderate
10122,44,17,3,37.22687291866799,5,Moderate
10605,19,39,2,26.233401485885853,3,Moderate
6740,56,47,3,37.34724406805479,5,Moderate
8306,36,29,4,36.644353058901885,6,Moderate
1257,24,14,0,25.960233308981742,6,Low
10826,29,14,0,24.528582882324464,5,Moderate
5586,20,15,4,38.32030037425642,2,Moderate
6720,22,32,4,32.87911836346094,4,Moderate
10604,25,9,1,38.20613366095189,4,Moderate
10431,31,18,2,34.92436947239533,4,Moderate
6102,53,36,2,30.23243598228536,0,Moderate
11909,24,49,2,17.896319425094113,4,High
13448,24,2,3,22.28701681447746,2,Moderate
14816,49,35,1,39.22106017745979,1,High
9826,25,3,2,22.98555246785511,6,Moderate
6621,29,10,3,17.331371744634268,3,Low
12404,27,40,3,32.688833897982995,4,High
9456,31,32,0,33.350106363592104,0,Moderate
3225,26,27,3,22.13644300717877,6,Moderate
3868,55,31,4,22.441799483657594,6,Moderate
3997,47,15,3,26.722324637719595,5,Low
8674,22,8,4,15.54472374405639,0,Moderate
10364,18,10,4,34.73307525902909,2,Moderate
12097,18,5,0,22.92721968185314,1,Moderate
6142,37,48,0,36.34407755004944,4,Moderate
9274,28,26,3,35.065760540000845,4,Moderate
5266,43,11,0,31.535050827969577,0,Low
14539,20,21,0,23.12187167748222,2,Moderate
5133,23,39,2,27.907914041529253,0,Moderate
2321,28,47,3,26.120731439948976,0,Moderate
1685,25,36,3,23.472047156216856,1,Moderate
13217,46,20,3,36.20340723257945,2,Moderate
2137,27,32,0,27.087676864441633,1,Low
7736,51,16,0,35.81807744492866,2,Low
10872,41,28,4,17.630461853545608,4,Moderate
8880,34,39,1,18.525619715008393,3,Moderate
2246,49,9,1,39.43300762782442,5,Low
12518,28,17,1,29.69421156515224,3,Moderate
6297,51,46,2,27.744241837476224,6,Moderate
8589,41,12,0,28.078901578602792,2,Low
3120,22,26,4,20.381719350821495,3,Moderate
12637,46,9,4,32.967598737549324,0,Moderate
11018,51,31,1,17.11951559324386,4,Moderate
8097,33,40,2,29.33309282757558,5,Moderate
14436,42,44,2,29.269219914647536,5,High
8502,54,2,1,37.85471060333778,6,Low
6607,25,21,1,28.15457025262151,5,Moderate
9876,46,26,0,18.42656739935449,4,Moderate
3293,42,2,2,29.318831481204064,3,Low
11638,59,32,4,17.28319110913331,5,High
3000,40,1,1,20.094845882498042,5,Low
13638,51,10,0,15.777714604685404,2,Moderate
8861,20,45,4,27.83233956148746,0,High
5425,47,9,2,17.11331538233931,2,Low
11437,51,38,1,26.734859463283225,3,Moderate
1580,49,32,1,38.3236258831036,4,Low
9955,46,6,0,32.9940353254833,4,Low
5364,26,14,0,16.935291855632325,2,Low
4953,19,25,2,20.60524530522108,1,Moderate
2748,56,10,1,31.841560497335855,2,Low
12600,24,37,0,37.367546525604595,1,Moderate
1825,22,26,1,15.822964669098845,6,Low
11869,25,38,2,35.31127829301485,2,High
4373,49,6,1,29.045347008457718,1,Low
10840,35,0,4,28.652283132409814,1,Moderate
13908,55,9,1,38.94532956883395,5,Moderate
2188,35,20,3,33.69111531491933,6,Low
3485,58,14,3,36.2529717014028,5,Low
2576,33,29,2,23.84988923861667,1,Low
10221,38,29,2,28.85910102071025,1,Moderate
1961,27,7,2,30.385141935694268,0,Low
10094,59,23,4,23.039598509061626,1,Moderate
572,21,18,4,29.25620312368499,5,Low
13041,25,2,1,20.916384486992847,1,Moderate
12726,36,14,0,18.58439177670599,4,Moderate
6530,57,35,3,24.349256481933317,0,Moderate
5111,57,5,3,33.482240718660925,1,Low
3296,26,41,3,37.90467870184719,5,Moderate
8217,47,49,1,26.442851287455813,5,Moderate
13831,34,47,1,31.07059220688579,3,High
14436,57,17,2,17.57592827437751,5,Moderate
5016,32,37,0,37.61159396380822,0,Moderate
2993,21,18,2,29.21510533924836,5,Low
13666,23,48,1,34.50845619062893,4,High
4731,33,49,4,34.86103002303484,2,Moderate
4076,43,29,2,21.412013159202647,4,Moderate
8600,54,12,1,28.229361329546236,6,Moderate
14112,40,38,1,39.01199378902444,4,High
6228,30,11,4,17.240863620520695,0,Moderate
532,34,33,4,32.07624745073909,0,Moderate
11386,44,11,4,39.0566019508793,3,Moderate
14578,39,43,0,22.514427701350556,5,High
4873,54,23,1,36.536198035108704,3,Low
14968,36,3,4,38.34143863520679,0,Moderate
13537,56,35,0,33.677155234870625,5,Moderate
4098,52,49,3,20.783207807673957,0,Moderate
14961,30,47,3,23.350017970664847,0,High
2892,31,13,3,15.895232360443268,2,Low
12804,48,16,1,35.78633085613388,4,Moderate
11563,19,48,0,36.240279662777,3,Moderate
7205,56,2,0,30.81775774915482,3,Low
7290,54,37,3,23.813196281596284,1,Moderate
3177,31,22,2,16.920275690998015,6,Low
1901,26,12,3,33.82644024787274,2,Low
1317,27,8,1,33.16315484024807,0,Low
6703,24,20,3,37.81506304347252,0,Moderate
10352,45,40,3,33.263300525134056,2,High
5062,42,7,0,35.71737355610004,5,Low
5223,45,16,3,33.64886544759999,3,Moderate
2938,19,15,4,30.767179707807912,0,Moderate
11675,34,15,4,25.674159854775233,6,Moderate
7328,21,27,2,37.552932716056944,1,Moderate
1710,30,15,1,31.274214297686747,3,Low
7141,35,45,1,24.958883049147726,4,Moderate
1099,20,45,0,17.08673237954893,6,Low
14526,54,13,1,22.267621397609553,2,Moderate
5980,50,45,2,28.59316837075412,3,Moderate
2346,58,43,4,21.890884250404863,4,Moderate
10547,41,37,0,20.53088369794755,1,Moderate
7092,25,19,4,28.184837852196182,5,Moderate
8361,52,44,2,19.245508647393365,2,Moderate
2387,19,47,0,35.010251583127584,5,Moderate
1179,50,40,3,27.10920378356645,6,Moderate
3752,29,33,1,29.346569349066254,0,Moderate
2335,39,28,2,18.684581689933715,5,Low
12722,30,2,0,23.114408390734184,0,Moderate
2677,27,9,4,25.252242081528824,6,Low
8642,34,19,0,35.20532076291258,4,Moderate
648,22,1,3,34.253988077153814,3,Low
1995,26,26,2,20.574436869692036,1,Low
13605,30,31,0,30.404477040175195,4,Moderate
2244,40,9,2,21.08640894429994,1,Low
2146,47,39,2,39.70617889225613,5,Moderate
3495,21,16,4,38.80309695327176,1,Moderate
7143,38,32,1,29.081618013015515,5,Moderate
10364,26,5,3,32.47256429735357,1,Moderate
14166,24,38,0,35.035759555216124,2,Moderate
10631,33,46,1,33.02496050112259,4,Moderate
7878,40,17,4,32.49571727706052,2,Moderate
9349,40,8,1,38.9638501987382,3,Moderate
4167,48,7,2,29.911402657682082,3,Low
9745,22,24,2,30.90756679547639,0,Moderate
12763,23,30,3,36.23171876095453,0,High
1076,18,41,0,31.74727169646017,0,Low
11787,45,3,0,33.32331555043807,6,Moderate
11723,35,19,4,20.85421715491606,3,Moderate
13510,41,27,3,24.281673102876773,1,High
14429,30,39,0,18.682533642797324,5,Moderate
5279,50,0,2,27.644136058370137,6,Low
8687,27,39,3,26.393185017006157,1,Moderate
13529,24,43,1,39.92907035698642,4,High
3472,54,22,3,30.28021632038856,3,Moderate
8256,49,46,3,34.66112057986058,5,High
4448,39,12,0,23.350366768941356,5,Low
7044,33,15,4,35.78863328356991,5,Moderate
2545,41,25,4,30.377124162192086,0,Moderate
12628,31,30,0,32.424808289960964,5,Moderate
11640,28,49,0,22.36076944873636,5,Moderate
2127,36,0,0,28.715959792389427,3,Low
14923,40,16,4,30.850924335340217,1,High
1988,51,15,0,29.727366895414526,6,Low
12837,57,36,1,37.87984278561416,6,Moderate
12890,30,9,1,37.45681661231384,1,Moderate
13155,56,37,2,39.274601446921764,2,High
9627,45,43,1,31.685700150174736,2,Moderate
4063,57,30,3,39.297853253142115,4,Moderate
12321,33,9,2,35.81195000079772,3,Moderate
10406,45,48,1,21.770803508498982,2,Moderate
2302,21,33,3,25.685891738782427,2,Moderate
10112,45,5,1,20.959811054725243,3,Low
4091,29,27,3,15.10492902076413,1,Moderate
4020,33,27,0,19.701218828672715,4,Low
6396,53,12,3,15.101514657171892,4,Moderate
8143,37,40,0,32.995961533762255,4,Moderate
7541,43,11,3,25.63835744302999,2,Moderate
3811,43,49,3,22.814368176946456,1,Moderate
2805,39,39,1,34.0430222773797,4,Moderate
8375,26,49,3,35.81216936549113,3,High
10687,22,1,1,39.382488466247,4,Moderate
2467,34,7,3,31.05033961688103,6,Low
8509,51,41,4,26.538223963501295,0,Moderate
12406,19,8,2,22.631607540185897,1,Moderate
12727,24,49,1,20.557955230355656,0,High
13177,53,7,1,20.32314876206503,1,Moderate
5962,30,2,0,25.22973436799497,5,Low
13560,37,8,4,39.79465888219825,3,Moderate
7397,47,12,0,15.021342435935082,5,Low
3958,47,8,4,19.93014743077502,2,Low
9085,28,30,4,19.709824560089345,2,Moderate
5278,48,24,3,32.92798713830731,5,Moderate
4230,20,43,0,23.812118189951548,1,Moderate
4865,19,44,2,26.431520114795518,4,Moderate
12936,20,7,4,18.715603261747624,0,Moderate
8047,32,46,4,25.124925971923695,3,High
13598,34,30,1,17.5799952976459,4,Moderate
527,24,44,3,28.32608219721458,2,Moderate
3991,22,44,2,17.448459134571397,4,Moderate
6923,51,30,4,34.7627095293289,5,Moderate
5801,50,16,1,29.165042938512237,5,Low
12953,33,46,0,33.099196844337925,6,High
6660,54,18,4,25.462909666317096,6,Moderate
1673,20,2,1,24.537282331055682,0,Low
838,38,45,0,17.45522222622159,2,Low
9760,58,29,3,28.096390176070564,1,Moderate
1341,25,9,0,27.8625541214273,3,Low
12976,39,48,4,26.702551111240133,5,High
13438,22,28,2,33.51295911706123,3,Moderate
793,34,39,0,35.81261000080886,2,Low
10549,54,17,2,33.769741873712704,1,Moderate
10014,31,11,2,18.596643570171096,6,Moderate
7058,56,48,0,30.5514877320527,5,Moderate
2147,58,22,3,17.008077642238334,0,Low
5398,45,10,0,32.36555718601191,3,Low
12312,48,8,1,24.545977414028165,2,Moderate
5026,34,23,2,18.312473906657164,3,Low
6114,52,24,4,36.5512714244032,6,Moderate
11786,57,24,2,30.35020847597343,6,Moderate
12183,39,46,4,23.868124198688186,1,High
12187,46,8,1,15.768179491262488,0,Moderate
13274,27,11,1,28.432756475090265,6,Moderate
4301,35,10,1,38.08064696215581,1,Low
8780,52,48,0,29.909495817559144,6,Moderate
7876,33,37,2,39.29126511548733,5,Moderate
13058,24,27,4,18.411277956761463,4,High
10648,47,7,1,29.207627614870923,1,Moderate
14560,36,9,1,34.95312620016074,1,Moderate
1399,40,24,4,28.138518278142904,3,Moderate
3977,25,46,2,17.276658899686815,6,Moderate
2244,34,35,2,29.57215003868044,1,Moderate
13065,38,49,4,30.293447646061793,2,High
6596,43,42,3,33.217731211883816,5,Moderate
2753,45,8,2,34.03028787913685,3,Low
12353,56,40,4,34.26931720526518,3,High
11652,50,7,4,31.58610984097415,4,Moderate
2133,57,2,1,20.395279660466453,5,Low
7501,36,17,4,25.105893895986984,2,Moderate
7520,46,45,0,34.403249315359965,5,Moderate
9553,37,34,1,38.83567458502033,1,Moderate
8649,37,16,1,16.97367412091555,4,Moderate
5201,27,35,2,28.388416944929872,2,Moderate
7235,29,27,3,22.813056783107662,4,Moderate
13849,50,49,2,20.634847357920744,5,High
1513,42,14,0,27.645267087992877,0,Low
3799,42,18,1,30.15223351391342,5,Low
2006,21,21,1,15.24430578548703,1,Low
11897,21,5,4,34.50516430502977,4,Moderate
5303,26,46,3,35.49705328148619,0,Moderate
1477,32,6,3,39.137770614198324,1,Low
12153,43,43,4,19.516093330617373,4,High
2317,32,47,0,29.8638140590237,4,Moderate
12376,43,8,3,25.66563433690986,5,Moderate
12750,45,19,1,23.370696288883767,6,Moderate
11326,24,36,0,29.140836285937617,4,Moderate
5401,49,10,2,34.55957733058875,4,Low
14321,29,1,2,15.576319586130253,3,Moderate
13507,52,21,0,39.23500281415467,6,Moderate
12358,49,47,1,35.24703964264277,4,High
9640,26,35,2,33.778842591139465,5,Moderate
7298,31,4,1,34.00968455451259,3,Low
973,30,6,4,24.726517740466313,3,Low
1067,50,5,3,33.790513771120345,0,Low
12124,49,21,0,24.66925521507394,1,Moderate
12715,36,9,3,37.46767073936982,3,Moderate
8466,47,45,4,19.430559582661743,2,High
2758,33,39,2,22.308685605378788,3,Moderate
8620,29,45,1,28.783438567476903,2,Moderate
13869,27,45,1,22.980275897181812,6,High
11836,19,19,4,25.605931132381833,0,Moderate
4810,35,27,0,27.310567234964868,2,Low
13687,30,22,3,36.40883372033772,0,High
14589,46,34,2,28.07980634021732,0,High
2482,41,0,0,24.061496215364013,0,Low
1596,55,28,4,21.193404100877896,2,Moderate
7110,29,8,4,25.21689946980493,2,Moderate
14082,46,8,1,27.893402610359246,0,Moderate
4070,39,21,2,33.65287143008091,6,Low
6997,53,1,0,18.026219404308467,0,Low
14045,18,15,1,20.540229705978774,6,Moderate
12082,57,39,2,24.491350396716832,1,Moderate
11364,51,5,3,24.009960127987867,6,Moderate
4146,51,12,3,24.793702190130293,6,Low
2919,50,32,1,34.83803161600811,6,Low
4779,21,18,0,23.103860074054328,0,Low
12040,55,14,2,27.547454510066615,4,Moderate
1173,47,32,3,30.59767582144741,1,Moderate
3302,37,9,3,20.804463754590127,1,Low
7812,43,0,0,32.967384678688475,1,Low
14469,32,11,1,28.677782993457022,4,Moderate
2869,24,42,4,26.169529075784453,1,Moderate
5030,24,28,2,35.24460066845785,1,Moderate
1566,46,16,3,21.08738147962955,2,Low
5932,40,3,4,37.07939926535808,5,Moderate
8573,51,28,0,29.026218384167592,2,Moderate
1187,37,6,1,30.229371984491454,0,Low
13675,32,43,2,36.87647410422357,0,High
568,50,12,0,35.4395671962334,6,Low
10795,34,4,1,30.03905172054751,3,Moderate
7274,37,5,0,33.82969259620435,5,Low
919,30,33,3,25.83298725582242,4,Moderate
12690,41,6,3,28.684443837493657,2,Moderate
11289,54,45,4,16.551753417712778,0,High
13030,24,27,0,17.24644795000117,4,Moderate
7391,25,45,3,35.7356351046583,1,Moderate
6093,40,9,1,16.491791392062417,4,Low
14467,31,3,4,19.23497814081518,2,Moderate
10816,21,2,2,34.89581647376104,5,Moderate
6604,38,24,0,15.028648765706407,3,Low
14289,27,22,3,22.060108221146606,6,Moderate
4392,39,26,1,29.600966445665545,2,Low
939,47,13,0,29.886248286732414,6,Low
9978,47,37,1,34.428822705736835,5,Moderate
1708,33,31,4,27.648156362304263,0,Moderate
9770,28,22,3,27.735046738274256,6,Moderate
14119,39,46,3,33.132764388517515,0,High
3063,46,39,4,27.465611581657086,4,Moderate
7966,42,36,1,30.212277164090423,2,Moderate
12315,31,2,0,37.444351706376274,0,Moderate
1753,31,34,1,25.036275190309297,1,Low
12049,19,12,0,24.628126772980558,1,Moderate
3709,30,33,4,15.088724796619283,3,Moderate
4049,20,23,2,30.335656538030797,4,Moderate
1114,47,0,0,15.7442976851783,0,Low
3578,35,11,3,27.60371224320791,3,Low
11415,53,7,3,35.10584472580567,1,Moderate
3990,38,18,3,28.74802676299158,3,Moderate
4043,36,8,1,21.7409041304169,3,Low
8602,33,27,1,34.65421053623428,0,Moderate
13207,45,13,1,21.74292510206347,0,Moderate
2400,21,26,3,33.32579452364747,0,Moderate
13063,32,17,0,30.25646137975578,4,Moderate
6180,18,41,3,19.24990741870003,6,Moderate
7251,33,40,0,37.62834687110464,3,Moderate
6362,37,5,1,20.016092073929894,3,Low
2212,50,32,2,39.73967685351674,4,Moderate
14925,34,36,1,15.182762216373519,1,Moderate
2829,22,41,4,21.587084428572574,2,Moderate
12311,22,24,0,19.996507431854972,6,Moderate
1694,56,12,2,15.349835254261565,1,Low
7281,30,22,1,33.30919750368289,4,Moderate
8662,53,35,2,32.33564505248991,6,Moderate
5406,47,32,3,34.808774108873266,6,Moderate
1878,21,20,0,21.417463661614132,3,Low
10004,40,33,4,26.108379177074248,3,Moderate
11607,38,35,3,31.477838040538686,0,High
1249,38,16,2,25.99421259720359,0,Low
5792,23,9,1,32.433144257947895,3,Low
800,41,22,0,30.849335211011052,3,Low
5195,48,43,4,17.866195075554412,5,Moderate
12674,36,1,1,34.526078026924196,6,Moderate
5124,55,34,4,33.01690897731295,0,Moderate
14975,29,13,0,31.39585969043513,0,Moderate
4337,31,46,2,18.87734015677506,1,Moderate
777,29,44,4,21.699911219884093,3,Moderate
13450,32,40,0,24.82942578969001,6,Moderate
11250,36,1,4,21.998240541411086,3,Moderate
14157,45,18,1,20.695257266903287,4,Moderate
4417,57,15,4,35.13394175404439,1,Moderate
7807,58,42,1,30.955806159005057,2,Moderate
2661,22,43,1,29.13680328875626,2,Moderate
13367,22,24,0,20.648817771331345,2,Moderate
14318,23,0,3,37.951914056716035,6,Moderate
1889,40,1,4,19.779575977432906,5,Low
9382,20,47,2,34.87377332061693,0,Moderate
5232,54,26,1,39.166816667632325,6,Moderate
3968,50,1,3,33.177318230605906,2,Low
10540,38,29,1,39.82146937961574,4,Moderate
6641,37,9,3,31.276277924448667,6,Moderate
13610,18,18,3,20.436508590097375,6,Moderate
6469,56,41,2,20.095487342912783,0,Moderate
13662,34,15,3,23.11410710638691,0,Moderate
4316,46,12,2,15.17825050552515,2,Low
9631,25,47,0,32.042461752070864,0,Moderate
14470,43,49,1,21.71669461569569,1,High
5537,45,7,2,35.37958080731882,1,Low
11874,51,49,1,23.979316263982504,2,High
6494,43,30,4,26.99891233658282,6,Moderate
12001,30,44,0,39.14222291400923,4,Moderate
10742,54,24,4,21.054303076181927,0,Moderate
10438,30,38,4,33.031352435743486,3,High
2951,55,20,3,33.87794473263543,6,Moderate
524,42,49,3,20.524953938090878,2,Moderate
6462,40,37,4,27.52492091530489,5,Moderate
3056,39,40,3,23.755048132824207,0,Moderate
8132,38,28,1,34.29765608500223,2,Moderate
560,47,5,3,30.562082975725936,2,Low
8175,28,17,4,26.899576371513675,4,Moderate
622,21,48,3,34.48408162619296,3,Moderate
6116,50,43,3,20.878889250210428,0,Moderate
10794,29,34,2,33.84054701460897,2,Moderate
1686,26,26,2,36.63435780232061,2,Low
14510,49,4,4,36.965539920189315,6,Moderate
5658,28,6,1,34.5918398254901,0,Low
8364,54,9,0,25.20035417495672,2,Low
13894,41,9,0,39.54520056794567,2,Moderate
10422,24,27,4,24.489841095560998,2,Moderate
13333,25,35,1,30.96563497756064,1,Moderate
4589,50,9,1,19.026854451736718,1,Low
14948,42,49,1,39.51122246590982,3,High
2972,18,34,2,32.59964804661658,4,Moderate
11657,20,34,4,33.83443863115921,6,High
10969,57,36,0,16.644417585278614,6,Moderate
12779,45,47,1,34.085445355516796,0,High
7950,50,19,4,34.368085730515034,4,Moderate
3464,18,12,0,31.794318159055745,4,Low
8604,55,10,2,22.29774034475859,6,Moderate
1810,44,44,3,27.242251054022038,1,Moderate
8846,55,18,0,17.760859282717913,3,Low
2712,52,27,0,26.789676661478815,4,Low
11945,27,37,0,21.09559631501012,6,Moderate
9954,29,44,3,23.72742466235205,4,High
7292,27,3,1,19.065010210092467,2,Low
10054,51,36,3,20.751359193672425,0,Moderate
9629,41,18,0,16.914216045502904,3,Moderate
9203,45,36,2,37.99753416092304,6,Moderate
13719,39,13,0,28.260267199385083,0,Moderate
8878,33,30,2,24.91854928156849,1,Moderate
2345,30,27,4,28.3757303192196,4,Moderate
8160,53,35,2,30.707330712038818,4,Moderate
2202,53,43,0,38.04696983423373,5,Moderate
890,40,37,3,19.467323807157833,0,Moderate
14071,31,18,0,22.38881246588044,1,Moderate
1154,49,41,0,39.39473340860287,6,Low
6335,20,0,4,24.27982466621311,5,Low
4771,44,22,1,15.564041268933192,5,Low
11513,36,27,0,18.69108731592897,2,Moderate
9455,39,47,4,15.658467543713801,5,High
3900,18,3,3,39.74807856051821,5,Low
13718,22,40,4,21.971771224780575,2,High
5819,50,17,4,38.088568923405646,4,Moderate
13498,36,48,2,39.89715689399289,4,High
11959,53,46,1,29.996030528577855,3,High
7232,23,38,1,15.829907876639044,5,Moderate
7174,32,24,3,17.039790759673174,0,Moderate
1585,53,17,4,27.039726377696944,4,Low
5946,50,5,3,25.15430032278715,1,Low
10621,41,18,3,30.15443264454419,6,Moderate
4876,44,11,1,25.9711952427841,0,Low
2463,28,24,1,38.35192123178711,3,Low
10477,40,34,1,28.368492885337776,5,Moderate
10966,50,0,0,32.34315153656105,2,Low
11378,58,4,4,37.41213181606241,3,Moderate
5677,46,0,3,18.671796895830184,0,Low
11660,48,7,4,20.743366352963214,2,Moderate
5072,18,38,3,17.682966511850378,1,Moderate
8043,51,46,3,18.490959980747807,2,Moderate
9407,35,42,3,27.81459917335583,2,Moderate
