parking_capacity,occupied_slots,entry_rate,exit_rate,time_of_day,weekday,nearby_events,availability
235,207,11.636177219897537,14.383582956797163,0,6,0,Available
142,247,8.548500307008629,31.619250836457486,3,0,0,Full
278,141,45.35956828139844,5.467596588712542,1,2,0,Full
188,221,46.01472385737937,14.479117974091409,0,0,0,Full
104,224,47.18132025237698,18.557298150987368,0,3,0,Full
68,183,48.193737645905095,16.953820980023067,0,1,0,Full
141,187,27.13257522589722,17.3237801808136,2,0,0,Full
216,112,28.85110865712276,17.792133333802905,3,0,0,Available
262,180,10.887369285809859,39.55214100930605,0,3,0,Available
139,198,11.167341698842614,7.72628413078619,0,6,0,Full
263,69,39.77403973952304,30.746553220344172,0,4,1,Available
247,85,43.507808786378334,22.071551244266317,1,5,0,Available
60,38,40.31214937839915,16.545136724394162,0,6,0,Available
191,130,42.55591392477289,25.34114868701058,2,4,1,Full
109,9,17.44566419427349,34.141257723992155,2,4,0,Available
213,2,25.9729602943431,18.66553455812344,3,6,0,Available
281,149,25.663972252792416,34.59205475844271,0,6,1,Available
90,66,49.787753141377856,3.751933398361995,0,0,0,Full
179,192,47.71301090520946,26.123368879723955,0,0,0,Full
234,96,31.931874789170273,13.327202452834527,2,2,0,Available
156,18,11.208790991331202,15.468613090886564,1,2,1,Available
109,97,16.636821738380473,22.840790036172148,1,1,1,Full
197,56,21.36926997417811,19.19667193190289,0,1,1,Available
71,106,44.29452468620433,15.271177540394177,1,5,0,Full
177,87,12.678460567851992,12.332936872789254,3,6,0,Available
175,140,14.888611248264729,24.732612089261288,2,2,0,Available
152,143,20.722311125142213,20.223186073185012,0,6,0,Available
181,51,46.71095848940226,12.932365020435217,1,0,1,Full
233,211,27.67154408493742,8.198440755102352,0,3,0,Full
270,40,34.10762164688906,30.978727838550085,0,2,0,Available
159,90,22.42504872815803,31.988596981115514,2,0,0,Available
107,38,13.483494999881003,8.551525079208107,2,6,0,Available
265,12,15.026024183381606,10.465960529784013,1,2,0,Available
114,95,41.12020491421457,9.565720900059475,2,4,0,Full
265,108,45.206691724392726,35.38278982306166,3,2,0,Available
107,103,27.18840451519152,30.96521524247402,0,6,0,Available
207,230,21.064753735666542,2.982940929999227,2,6,1,Full
125,42,41.35258114372681,33.30663799308343,1,5,1,Available
68,208,35.28926487864175,1.4740728290316651,1,6,0,Full
177,87,6.839328986853491,10.12799163932051,1,4,1,Available
278,92,20.78334044972648,36.759655363864596,3,0,0,Available
239,173,35.69778402062188,34.57325179064838,2,4,0,Available
299,125,30.815591913093975,31.257380588984592,2,2,0,Available
153,108,49.013028898080016,18.301889164369985,3,4,0,Full
156,46,43.975192020138074,12.856564040800311,2,5,0,Available
167,213,7.6882282579067445,35.26183350161827,2,3,0,Available
245,91,37.659605705256226,26.282963610768487,2,4,0,Available
128,180,20.134697554871504,11.820354201911737,3,6,0,Full
133,40,35.693721638867586,18.52783511861793,3,5,0,Available
221,258,32.77510637411284,35.26000889046477,1,4,0,Available
261,120,27.637261661607848,36.13821744312886,3,1,0,Available
167,76,43.382729945279976,26.372083758869177,3,3,0,Available
296,94,36.89104370644255,29.302234428681352,1,0,0,Available
238,268,45.02998015259029,1.5719133291521414,3,6,0,Full
198,17,17.67216870963722,24.184020305487522,2,5,0,Available
59,292,20.665738606757092,27.559702734839078,0,4,0,Full
79,170,32.987810741471094,0.8150858832092656,1,3,1,Full
73,161,48.49089968127811,33.754359518250226,0,0,0,Full
225,51,21.721194470173156,37.131400466029646,0,3,0,Available
104,35,6.453214253037103,9.517458096751522,1,5,0,Available
153,186,25.064957993988052,33.83183730787858,0,1,0,Available
176,247,29.47683031380604,26.62050330836657,0,5,0,Full
229,51,41.044433391479444,23.227832790007938,1,5,1,Available
281,18,37.78702159984875,33.72503894756594,1,0,0,Available
174,91,48.40982063232513,11.424421429808147,2,0,1,Full
215,138,40.22072422504098,31.63424710747416,1,4,0,Available
244,219,18.43827966805472,12.580830706728129,3,2,0,Available
142,98,33.86211399410763,31.49826171632295,0,5,1,Full
57,235,35.25085370284485,18.0421602302583,1,0,1,Full
206,206,49.91092316692353,4.677818859723217,2,5,1,Full
296,143,11.243206005204993,15.260794412239619,1,5,1,Available
187,198,13.609647621070556,9.339731132390025,0,0,0,Available
246,286,11.998113980391002,4.021262031448765,1,1,0,Full
124,263,31.50770513746837,4.411482736946599,0,1,0,Full
245,216,11.088548250530906,31.202855940161992,1,5,0,Available
226,188,34.5203469007041,35.25591410089871,2,1,0,Available
235,43,41.16983228888985,37.08516477730016,3,5,0,Available
212,290,24.47568158930872,34.157846893218185,2,4,0,Available
227,188,30.230828685025887,33.20896389141767,1,0,1,Full
89,193,46.07249374810809,2.7534340606642393,0,5,0,Full
297,269,30.630466290987552,31.604943788868415,2,1,0,Available
189,259,14.387249841569034,31.331306386258042,3,1,0,Available
134,238,20.443720929951283,5.251615764184527,3,3,0,Full
65,111,28.843061150276082,26.480369277385293,0,3,0,Full
127,68,11.970395847031323,18.10029345837126,1,6,1,Available
262,48,32.56339259105911,36.00054093888283,2,1,0,Available
97,150,49.96607413478116,27.816334495826695,2,6,1,Full
140,238,34.364073422343395,38.039501454970086,0,6,0,Full
277,114,21.758501480649855,4.196905810985747,2,6,0,Available
178,74,19.928592125647814,1.6242925780957274,0,4,0,Available
242,97,46.922149517327384,38.94317431042184,0,2,0,Available
71,110,44.21814307603951,3.207686457796175,1,5,0,Full
192,284,26.256137908944527,15.44783283640918,0,3,0,Full
293,255,20.90365540251279,25.998824890022192,2,5,0,Available
261,116,36.97089276184036,35.20226693336335,0,3,0,Available
244,175,19.152611399942728,10.183092728557043,2,0,1,Full
63,227,10.373145451364321,1.1623284754009333,0,0,0,Full
122,105,18.956849553568688,20.85147161996758,1,1,0,Available
68,238,24.543319195274083,18.844480810889653,1,0,0,Full
89,99,16.493511919221866,12.275727287563182,0,0,0,Available
147,175,14.756617662697533,34.955974700057965,0,2,0,Available
53,248,5.276307319911399,29.972886863329386,0,6,0,Full
82,75,33.387925163182096,34.324655327969865,1,4,0,Available
92,2,32.650202404225354,6.472358379087968,3,1,0,Available
214,80,13.46113569968277,27.696478357613643,0,2,0,Available
243,287,47.46425323150329,39.00406941675429,3,1,0,Full
76,7,23.430690581214115,24.47655567234769,0,4,0,Available
222,86,6.146574510933795,6.854574611819446,2,1,0,Available
130,285,14.889736276917962,39.83121577872538,1,5,0,Full
162,73,36.14303679220376,21.13294326233513,3,5,0,Available
227,122,14.072895446476787,33.602360731049885,3,5,0,Available
166,293,7.426060649422525,5.9744578972172535,1,0,0,Full
173,142,32.79677996276028,26.643848710316856,3,4,0,Available
144,157,28.325965576738234,36.50470792815455,0,2,1,Full
112,108,39.25696262443041,21.280712764477574,3,2,0,Full
282,194,39.768412484486376,11.546402423392177,0,3,1,Full
183,35,48.197086420447796,5.09687311830346,3,2,0,Available
173,89,7.565789480834244,11.837786609533211,2,6,0,Available
165,295,6.754523891820275,14.195368117074318,3,5,0,Full
144,200,49.423867161244736,28.39820420919318,3,6,0,Full
116,45,34.018154496362925,7.144856281184078,0,6,1,Full
281,106,37.19167428504071,4.244194228616305,1,5,1,Full
244,169,9.341690888082582,15.47758164135018,2,3,0,Available
146,145,8.141571088175164,18.346144656365514,1,0,0,Available
165,177,12.211411727109695,25.135402088700197,0,2,0,Available
236,60,24.22380212588613,28.301252052037565,2,4,1,Available
62,2,9.957928222983906,35.57110835334398,3,3,0,Available
198,81,25.085018319837257,11.558142621121444,1,2,0,Available
113,262,30.26911563956015,21.144312907677158,1,0,0,Full
214,286,5.014983554829858,14.64162827212261,1,6,1,Full
257,94,10.141053385638987,0.05686688123960337,3,4,1,Available
134,63,21.883783629554543,23.1772729087971,0,4,1,Available
297,245,7.399840671356007,32.631843026845544,3,6,0,Available
225,76,11.008803799046305,1.4575794441357637,3,0,0,Available
105,258,15.430837570517951,0.13967034411880963,0,2,0,Full
221,92,24.332063637544113,29.11273626042952,0,6,0,Available
190,290,37.167673907151915,27.35438900035333,3,1,0,Full
181,270,10.970987532163065,16.234084213400838,0,2,0,Full
272,20,38.20813573591995,26.464195264836388,1,6,0,Available
250,61,43.477732837274935,38.13544290124003,2,6,0,Available
161,259,34.316544509835495,9.914511862212144,0,3,1,Full
82,236,6.967656294250901,9.837063781263353,2,3,0,Full
214,140,24.82941591173486,7.449288190568555,1,2,0,Available
102,166,34.70297007350749,28.959469998950013,0,5,0,Full
150,66,49.03309105732906,14.127569526853602,3,3,0,Available
201,57,47.831377463115906,39.54772535948523,3,1,1,Available
138,211,22.806641949796344,28.58595613828605,1,5,0,Full
228,129,32.71689825012916,14.695075465895382,0,1,0,Available
218,24,45.086681631271325,5.96744136253859,3,4,0,Available
78,10,42.39708113192884,23.68099266110889,0,3,0,Available
236,256,26.57398253507374,11.79613012385702,2,6,0,Full
217,80,16.75585989012305,36.22036325185147,3,5,0,Available
100,285,11.169497605947484,17.656175995058987,1,2,0,Full
99,18,26.959106978746664,11.705998581542168,3,5,0,Available
160,109,37.52806439044801,23.54207258282723,1,6,1,Full
85,33,48.63963709473197,5.478980038842587,1,4,1,Full
256,287,43.781670717039,22.461962912115133,2,1,1,Full
158,254,14.190842986167274,2.2444591407896075,2,4,1,Full
109,125,37.390015707011145,24.275547269888303,1,0,0,Full
195,208,18.00955642362937,21.206553756057154,3,3,0,Available
69,133,35.75626674951184,20.830639285558867,1,2,0,Full
182,85,34.961245720734766,27.366575482311223,0,1,0,Available
195,74,17.259377131649366,1.7782645770673877,0,4,0,Available
173,134,15.54748790977789,18.389258585211845,3,2,0,Available
217,172,9.677199316501664,17.76154652161498,3,3,0,Available
50,212,7.274283656208201,18.39129767369997,2,6,0,Full
68,18,43.630297648541195,39.19563884261373,0,2,0,Available
136,118,7.243222758576875,5.571138925770414,1,3,0,Available
203,284,8.993352493630134,27.617190282383703,1,3,0,Available
290,226,15.748341591568995,16.07984549514226,0,3,0,Available
78,211,44.94462478080243,20.469060972980543,0,4,1,Full
108,188,19.982316218998612,30.495756234247846,2,6,0,Full
112,150,13.630980085546648,6.295017702939241,0,3,0,Full
147,222,37.19999731077928,30.54340850545969,2,2,0,Full
260,127,19.35813896909086,2.813231307377584,3,6,0,Available
239,247,20.00149871342883,19.33238044839332,3,0,0,Available
97,50,38.25394681723412,29.68283430798322,0,2,0,Available
111,190,16.324376702373765,7.702058214187977,0,4,1,Full
67,236,45.35420214675315,30.836625841416936,0,3,0,Full
243,21,30.26397550992554,6.672500277029729,0,6,0,Available
76,109,29.202427002758633,31.969550277484853,1,0,0,Full
55,32,16.91385057797943,18.7574229176735,1,4,0,Available
280,126,42.579245305846655,27.38553327452427,3,1,0,Available
247,43,30.773729789217562,36.696258334767535,1,1,0,Available
236,6,11.998244655735167,16.33686094454935,0,1,1,Available
55,127,14.283420676014316,9.318301072910913,2,0,0,Full
80,90,26.07151589692896,34.686563864707075,3,6,0,Available
154,129,40.08388200873748,6.464665924191126,0,2,0,Full
281,16,47.268287312763206,25.259042073496666,1,0,1,Available
143,185,34.857438366962604,36.93013152162458,2,6,0,Full
105,109,27.776446230123415,26.975868461412226,2,0,0,Available
231,285,16.28293898804111,7.827243418000611,1,6,1,Full
262,162,35.27905822050873,6.091358070529318,0,0,0,Full
218,74,49.20078901340783,10.092221244023643,2,1,0,Available
285,198,26.430011399265577,15.656273314263135,2,5,1,Full
67,286,12.296384550045293,6.366361273996124,1,6,0,Full
136,181,9.650326165438035,31.912562657652703,2,6,0,Available
279,96,17.116528216954165,14.281413704355547,2,6,0,Available
72,50,30.624890855955957,37.443469436509055,2,2,0,Available
269,33,47.6062385491098,33.699634561412964,3,5,0,Available
213,20,18.4624287378866,36.35273051206746,0,5,0,Available
74,183,18.7426027117222,11.7797086001416,0,0,0,Full
56,292,26.65308466004866,22.949261752887608,1,2,0,Full
259,63,46.334405079463494,12.857980721694297,0,5,0,Available
197,123,23.857477276509016,10.277940463233906,2,3,1,Full
182,100,15.045322633741993,24.283471248102025,0,0,0,Available
67,118,12.34089117417971,32.71981522399128,3,0,1,Full
155,77,25.565691617261674,3.74391224506617,2,0,0,Available
281,180,41.030484607856735,11.030750454642856,2,3,0,Full
82,198,18.110858212597535,8.205367235445088,3,3,1,Full
128,189,28.06351876537893,31.93400692624257,3,1,0,Full
84,102,32.13537225901471,37.334882923688774,0,4,0,Available
288,274,25.271168524605383,3.1977084073343587,0,2,0,Full
159,129,13.626060860898022,15.16853658828964,0,4,0,Available
114,240,46.47855550706849,36.58036170874627,3,0,0,Full
112,133,30.44521558555178,13.785528821851933,0,5,1,Full
262,156,37.811047276124846,28.506457452548126,1,0,0,Available
121,157,33.62193524470698,4.02665546077372,0,5,1,Full
248,189,49.91216097774082,17.77550126448569,3,1,0,Full
90,99,25.53395604973952,20.13203102366514,3,6,1,Full
227,51,24.123756798459205,30.306563119402412,1,4,0,Available
177,48,21.206293974050283,11.552986023193048,2,6,1,Available
157,99,21.27328067031182,10.567542902021083,1,6,0,Available
281,250,17.409659482275654,12.118706807833256,3,0,1,Full
153,53,49.128355631594616,22.22786035174963,2,4,0,Available
207,136,44.185191543586036,35.04017653859003,1,1,0,Available
87,161,19.250285223074727,33.23765585845227,1,4,0,Full
84,291,18.7353070092426,2.3178262564400764,2,5,1,Full
243,80,9.659029423327466,35.158204451680945,1,2,0,Available
223,219,44.46638872292718,3.804374968735673,2,6,0,Full
185,84,21.729472287197275,16.613922772754787,0,1,0,Available
151,82,30.76769264653075,30.616177570168848,2,4,0,Available
117,66,45.5169977996419,3.2604414413577265,1,0,0,Full
86,233,23.364529181339257,1.6159872110786733,0,3,0,Full
134,197,41.30906195402788,13.199832144431767,3,3,0,Full
190,258,24.36285318119407,29.19702431429259,3,1,0,Full
250,176,36.54234225579887,20.87025750288459,3,3,1,Full
222,297,24.403298323648148,16.680074824387503,1,2,1,Full
78,279,22.674161054961168,32.52293270062887,0,1,0,Full
90,299,49.58191578028586,30.668370487769785,2,0,0,Full
105,128,32.55574289016087,31.441728389358584,3,0,0,Full
265,179,21.532603173034065,18.38907295796808,3,1,0,Available
65,291,16.601876468906802,0.7779696996812513,0,3,0,Full
189,206,6.789486660332737,6.885478939661209,0,3,0,Available
115,293,36.795485311192714,29.65201713106503,0,0,0,Full
239,174,21.74708426878679,30.126938869985,1,2,0,Available
196,28,41.95643737004442,38.891944508053456,0,5,0,Available
207,178,21.37408072800434,7.607461076407711,2,3,0,Available
193,40,21.79981365912636,4.917071526105801,2,2,0,Available
265,191,40.06314528830403,5.551585349440575,3,6,1,Full
190,236,27.02599955386942,7.391524602965611,2,3,0,Full
118,224,44.82026467706268,21.13873358031498,0,5,0,Full
72,113,31.55610905170484,39.00845851896606,2,1,0,Full
239,277,15.829016608146942,23.57725932002428,3,4,0,Available
297,16,30.572233443501506,20.907522625865713,1,0,0,Available
279,85,5.180075417061591,26.934249215354843,2,1,0,Available
208,180,19.057881862342363,2.957215630326262,3,3,0,Available
102,144,14.357855322401479,32.61416536601463,3,5,0,Available
169,224,34.43845350213206,25.87518173276804,0,0,0,Full
194,53,11.121736257491225,6.847667183621007,3,4,0,Available
177,67,18.054385104266288,25.22861684797721,2,4,0,Available
98,106,19.90888494455279,23.84831850263481,3,5,0,Available
226,76,5.148195298874818,2.5941194197920225,3,5,0,Available
244,26,7.104495571377514,10.677287913830252,0,3,1,Available
203,154,19.00067575898852,15.63766491557125,0,0,0,Available
62,71,15.00604039363605,9.795541179079205,2,6,0,Full
157,179,10.260803237682,9.726467511817631,3,6,0,Available
215,46,11.937274535928108,22.917938947896733,1,3,0,Available
199,241,42.59916326210388,18.83436068241756,3,4,0,Full
134,276,35.74938089807162,26.69168726912032,1,1,0,Full
206,104,26.785288895074242,38.256283484396675,2,1,1,Available
94,94,45.89936493066197,26.422241784048474,0,2,0,Full
223,218,6.329875592372835,23.28383729130167,2,4,0,Available
216,169,20.52207211747188,33.90237966661991,0,6,0,Available
246,282,42.052267287682646,25.28292442268143,0,6,0,Full
255,127,33.27300475633946,6.622450812352039,3,4,1,Full
131,199,49.17593455213941,12.589947978338515,3,3,1,Full
117,34,47.503171547969416,29.33441130737618,0,2,0,Available
146,143,12.647412098374268,29.535295321080802,1,5,1,Available
216,291,48.739414873805224,39.480350012358365,1,2,0,Full
197,65,47.54906536883326,25.078995136092264,3,0,0,Available
126,218,21.81249252831571,35.98180752343622,2,3,1,Full
277,55,49.229613126002874,2.1832124235810824,1,5,0,Available
286,144,6.612986854605233,22.648893792425937,0,5,0,Available
245,212,34.73377497109841,36.79392098808783,3,6,0,Available
84,93,16.976651191898394,11.48976940712782,3,1,1,Full
185,105,10.825839346789383,6.195064151768368,0,0,1,Available
101,83,30.989071622473098,14.02040640387041,2,2,1,Full
89,135,18.785763868333746,31.689446689770755,0,1,1,Full
170,145,35.0071404715018,3.388032587252625,2,4,0,Full
162,248,29.299147345148914,24.013546334763376,3,3,0,Full
160,17,22.666523040889675,5.425264233771059,2,2,0,Available
85,124,13.181997259170407,17.42129766188985,0,4,0,Full
183,1,32.056258886247946,38.63908006206623,3,5,0,Available
297,199,42.31537832639982,7.8057707938754595,1,6,0,Full
263,137,32.000201082917656,1.3606619538412934,3,2,0,Available
119,202,32.473515009815856,17.088133559121705,0,1,1,Full
283,281,28.03268138664957,23.1078235076062,0,0,0,Available
277,29,22.470805279773124,11.900709401255787,3,1,1,Available
122,55,25.585611873509578,21.670720135067697,3,3,1,Available
65,118,49.52937907040369,38.13607785007949,3,6,0,Full
280,131,38.73508259473805,12.470831496644816,2,3,0,Available
223,230,24.37517587909975,12.377081247971633,1,2,0,Full
236,151,25.57833799795342,19.310715915238173,2,1,0,Available
87,20,27.4834403487384,20.612653435654174,0,0,0,Available
274,67,34.66913874704658,0.05463703500340866,3,5,0,Available
67,125,25.968120539698162,24.635005248193593,2,3,0,Full
61,42,35.87806032976595,39.894293946588434,2,0,0,Available
103,181,19.813451299153154,11.680321978818263,0,4,0,Full
268,99,23.47878344095058,25.232401850661166,2,2,0,Available
224,239,43.882390611673124,0.18486620136026755,0,0,0,Full
50,199,19.80075446156942,24.173064491875927,2,2,1,Full
192,115,48.399652992875076,17.882732377112717,1,4,0,Full
160,114,12.762722614320182,21.211726138586947,0,0,1,Available
268,141,15.875591706822771,21.756198699695346,1,6,0,Available
257,118,25.865588783970853,7.0781187719941485,2,0,0,Available
70,92,40.88339267249163,30.79872487517161,1,5,0,Full
178,8,37.920896493275016,22.218784840413562,1,4,0,Available
142,72,12.850970792647537,10.807778379879768,1,6,1,Available
244,25,15.650826168552662,37.4952618626173,2,6,1,Available
189,238,30.886834507287688,0.5109484001622411,0,1,0,Full
173,144,18.28241353844163,29.037488559991566,2,0,0,Available
205,67,24.004639601582156,15.24940742628415,2,5,0,Available
88,187,26.8967378969163,20.901793252452276,2,0,0,Full
214,130,31.74107024076821,11.660389977823264,0,5,0,Available
272,220,16.29730959976694,12.850087050534128,3,6,1,Full
109,280,12.341306459973179,0.6066485844360558,2,3,0,Full
208,276,22.93535245073119,29.19380354847609,2,6,0,Full
235,139,8.691180118502004,28.43193643202874,0,1,1,Available
274,53,28.70443269909105,26.174328016288886,3,0,0,Available
146,0,42.782232165573845,35.118027223360315,3,4,0,Available
288,127,10.353904674472336,36.05070322233736,3,2,0,Available
153,0,10.072873945828805,22.257772777010217,3,4,0,Available
188,172,8.609800949030847,27.39293968268251,0,1,0,Available
159,265,43.15375803928559,0.4399360428183918,0,3,0,Full
78,295,8.631720271767335,33.853722355007946,3,3,0,Full
138,255,49.255791592298124,32.6565369651799,1,3,0,Full
168,173,21.12490823207531,0.8099447369397961,0,5,0,Full
190,44,19.794297161411457,21.71300866966873,1,4,0,Available
100,140,9.123428844367215,36.26622281749078,1,2,0,Available
157,26,31.353854568728757,7.255519481251218,3,6,0,Available
231,232,31.364699555875628,14.105796862283926,3,6,0,Full
196,208,27.221262228056425,13.242147140747242,2,2,0,Full
107,49,18.99590662471477,14.23761901599006,1,6,1,Available
85,60,21.586140052943957,1.6754412182040834,2,5,0,Available
77,242,19.42265271531821,11.160707350614656,3,0,0,Full
245,268,24.176588372622586,11.794252508009425,1,5,0,Full
180,139,20.380464746655168,34.63488193958364,0,2,0,Available
299,156,35.39827939393625,14.084640285268101,2,2,0,Available
279,84,18.310391255627138,17.888669595742055,3,0,1,Available
150,83,20.787720417250437,15.229522395215547,1,4,0,Available
156,275,24.595694815511663,4.826937984063271,3,4,1,Full
138,30,5.1782825421905105,39.61427030902496,2,1,0,Available
218,7,27.14371583994014,33.03300762818923,3,4,0,Available
84,279,16.511891143682057,21.636812281094674,3,3,0,Full
142,202,7.526770431103306,19.054579775566857,0,3,0,Available
154,32,45.99595844441577,25.970189018520365,3,1,0,Available
270,297,19.50884302491194,13.057245940929526,1,2,0,Full
125,142,24.173836865271692,2.0113148141791415,1,1,0,Full
276,36,42.23044212522088,16.17267254458749,0,0,0,Available
133,146,12.50550368391739,39.35910309631443,1,1,0,Available
258,227,43.26389643116035,7.293872235108911,3,1,0,Full
294,33,15.873707663481996,21.108211686118892,3,5,0,Available
125,236,31.506705122689272,0.3408558528631467,1,3,0,Full
298,211,35.855527107478025,4.881260607143392,2,0,1,Full
99,139,45.725627564049894,23.487668018684683,3,5,1,Full
149,189,32.34370976078594,11.896557180313398,1,0,0,Full
251,95,25.39543105625001,36.22737945842499,3,1,1,Available
259,193,30.752120855379985,16.24679063828939,3,5,1,Full
207,295,14.093710823309177,8.3213438852421,0,5,0,Full
121,151,36.00834503674328,21.82367077138814,1,0,1,Full
282,222,13.409632042274986,31.798945407038506,3,0,0,Available
164,195,30.07614254352156,0.7767878478957924,2,4,0,Full
126,87,34.142164761222006,20.220804745201654,1,6,0,Available
272,298,45.43624311834896,30.93706226908585,2,0,0,Full
170,16,25.25854216899265,4.143546185281166,1,5,0,Available
247,210,39.88999519651456,36.11194075732582,2,2,0,Available
103,231,12.538871973692444,10.580696398673975,2,0,0,Full
120,182,12.028841543022127,6.8241443085130715,1,3,0,Full
134,161,28.615910617396857,23.570242916106984,0,4,0,Full
151,69,31.835334429954635,7.001245832721157,0,3,0,Available
156,59,33.455346832980865,27.188060814847287,1,6,0,Available
290,178,38.555331891070026,19.6040832799372,3,3,0,Available
228,76,18.271916949254447,4.398238470487197,1,2,0,Available
77,34,33.017347483360496,36.499605383281924,1,4,0,Available
241,15,13.46626043628452,26.928216398542006,3,6,0,Available
298,293,14.854896907455302,21.839721061350723,1,1,0,Available
157,170,8.028899976824658,14.97362461400523,1,5,0,Available
262,31,38.61502637624287,5.394396186818868,3,5,0,Available
70,262,27.81468366735128,28.300734842452883,3,0,0,Full
265,214,15.71835675198029,32.546232801162375,0,5,0,Available
204,45,30.03069765651307,5.032753997532504,2,2,0,Available
76,188,20.94080893852044,19.782704981525697,2,5,1,Full
126,273,42.67444596301708,19.393847479699584,0,2,0,Full
99,70,28.76665463579138,13.996468328798706,0,1,0,Available
206,295,6.341482528422176,31.573675815672203,2,2,0,Available
216,87,49.32928788528825,3.9811913522738784,0,1,0,Full
106,260,8.343434220617041,8.2007689948836,1,1,0,Full
168,181,36.31811850050314,0.06411075674026989,0,1,0,Full
269,21,24.676512764117465,14.919415523320595,0,2,0,Available
214,73,16.21930129340433,11.64712671601488,0,6,0,Available
270,89,35.44062055083063,34.67975935032626,0,1,0,Available
113,165,10.665380916724416,29.832409763046194,2,6,0,Available
97,233,43.621101430542126,3.378887862490876,3,2,1,Full
199,128,16.27753936609095,29.638236602494814,2,4,0,Available
277,291,21.265414627278528,27.016008856782282,2,1,0,Available
207,94,33.46896363368883,11.268970944013187,3,2,0,Available
205,27,5.0463192004415,0.6184309881844019,2,2,1,Available
200,34,26.273687647499017,4.606496055548499,1,6,1,Available
274,230,45.24120146757521,9.997643384742375,3,2,0,Full
53,124,35.61870385731363,32.66489464609221,1,0,0,Full
180,78,22.455516422238556,18.612513036312347,2,6,0,Available
110,60,34.719099266495846,36.735821058362006,2,6,0,Available
145,216,47.14562412065028,31.565938377931996,3,0,0,Full
53,281,13.45123925761925,11.484327193760272,2,1,0,Full
114,162,28.93136039774003,33.814486263220516,0,5,0,Full
189,56,15.563191154589289,4.668993616430281,1,4,0,Available
190,190,43.4401087626817,1.4447008181601229,1,5,0,Full
211,131,37.44726132207035,24.341524836532628,0,1,0,Available
173,41,41.04841641122722,13.669721395185546,3,3,0,Available
236,172,47.43553336219247,13.177027466505887,3,3,0,Full
142,166,15.453894937198173,27.488327445267497,0,4,0,Available
250,249,7.192362718208655,34.00415311291615,0,6,0,Available
80,192,18.09066740760169,12.887020213608057,1,4,0,Full
120,277,22.96126888827216,13.000552880900035,0,4,0,Full
190,237,33.13219130027899,21.354041571695483,0,0,0,Full
231,229,40.89670531140697,26.127344083217594,0,0,1,Full
51,164,20.74114796210973,8.116231822207114,2,3,1,Full
210,242,26.30736440316181,36.507166116474906,0,4,0,Available
99,89,40.34602696937864,26.176660954080482,2,2,1,Full
184,178,15.13979268479489,25.00647245472393,1,5,0,Available
195,57,14.770936757229432,36.16782544271073,1,3,1,Available
228,262,31.515484542351516,36.29060322377909,3,4,0,Available
57,135,24.622557373304016,5.422004825059572,1,2,0,Full
104,237,47.70035613659458,5.8030201591946895,3,4,0,Full
253,242,21.066374434306013,30.477947957605906,2,6,0,Available
92,150,39.18000215780748,38.27519782175882,0,1,0,Full
236,246,31.23917345588161,26.66054714052432,1,2,0,Available
79,218,7.455924137735432,16.452679944286803,0,6,0,Full
108,8,8.79734966042518,27.338925590949824,3,5,0,Available
58,293,14.14204196854956,9.152463054261553,2,1,1,Full
269,12,11.44186802820617,39.91865199231135,1,6,1,Available
117,262,19.821717033999917,17.243408714360726,0,0,0,Full
216,224,31.05450121994106,37.26744010034782,3,3,0,Available
130,230,32.10631443533238,17.231922114550997,0,4,1,Full
188,177,31.449550332323295,37.125591244876944,1,3,1,Full
172,246,10.292388558491933,13.427417659196625,0,5,0,Full
179,66,32.01014348872232,30.42171938623227,2,4,0,Available
72,296,23.438609908582325,38.04008049636065,1,1,0,Full
240,156,45.637369936372714,25.839227127830732,3,2,0,Available
291,164,46.03928882484625,27.102609030995044,1,2,0,Available
71,183,39.567822200772774,4.115449812882046,3,4,0,Full
238,207,36.63982179946509,18.968797886556036,3,1,0,Full
203,15,10.172872279286286,35.4702162434715,1,4,0,Available
189,299,8.811239521401374,9.636393449228727,3,4,0,Full
209,240,42.837516091133864,31.534520539932522,1,6,0,Full
58,229,24.21571174058548,27.028395432157645,2,4,1,Full
284,17,25.311302384042573,8.919438589621498,2,2,1,Available
246,146,43.150689050586365,11.311648210718577,0,5,0,Full
139,243,32.96439315773547,17.102436004827887,2,4,1,Full
248,50,13.073325840594755,5.005168620829026,3,2,0,Available
270,258,14.495595304431223,36.534851886328276,0,0,0,Available
82,237,5.286972606567565,29.57430420288222,0,1,0,Full
201,245,36.98015422737042,14.598564000143188,1,0,0,Full
138,48,26.85252463225183,11.986619812198471,0,4,0,Available
144,283,47.74837607766643,27.583154812495096,1,2,0,Full
270,37,37.13057605617206,16.96883687810964,0,1,0,Available
118,283,9.6418697344955,9.173462876202908,2,3,0,Full
87,31,12.269365697267126,17.206030118950295,1,1,0,Available
286,242,27.577609105249667,34.85187932890289,3,1,1,Full
188,40,46.61933758982296,2.7442654615985385,0,4,0,Available
209,291,16.12629904477017,14.73432989127648,2,6,0,Full
113,102,42.15110908605976,38.493576920686614,2,0,0,Available
121,291,19.05225890610538,0.5932736981832365,1,0,1,Full
69,106,17.145373530010016,35.62561270124875,1,3,0,Available
83,245,45.56267371987231,14.993347943086377,1,4,0,Full
160,86,7.125871643269375,7.580728183018284,3,1,0,Available
91,65,34.73334674302298,0.5991898988680688,3,6,0,Full
185,137,6.9425381426550405,2.820912055951843,3,5,0,Available
115,199,41.03437039572012,6.873734568967689,0,0,0,Full
70,92,42.323195972997794,1.0163695351831281,3,0,0,Full
128,277,45.20104585968429,13.433994723600184,1,2,0,Full
119,19,13.374052771732718,1.795724574976827,2,1,0,Available
54,288,10.60241701668802,27.688642473779094,2,4,0,Full
295,89,27.659077095116015,32.756284541498395,1,0,0,Available
295,49,17.22346797020252,35.49855694284366,3,6,1,Available
116,9,32.28338625111793,21.96512723877341,3,4,0,Available
284,78,28.118628075684082,37.860381647194615,1,1,0,Available
220,36,11.518344960144205,0.2258180223906736,2,1,0,Available
65,58,38.2671722233297,5.360732886564907,0,0,0,Full
148,87,41.17029703366687,11.726639229236607,2,3,1,Full
122,103,48.33693600773965,31.560977678169472,3,4,0,Available
84,276,22.799249436251273,35.41556560535428,2,4,0,Full
132,103,20.198072096669947,24.725378052243112,3,2,0,Available
220,253,13.651819520897229,15.329453776365543,2,6,0,Available
159,229,13.138927484413937,26.633824143442556,1,1,1,Full
275,36,19.447397842099342,7.235974880974645,3,1,0,Available
88,141,49.18175160594206,18.314962086897282,0,0,0,Full
59,42,9.151640362587033,20.3017639329316,0,0,0,Available
251,115,16.67147909348676,4.194848840448584,1,0,1,Full
197,83,8.869027859376873,1.3549064088642515,2,2,1,Available
50,258,17.31341267310819,30.004219894005843,1,6,0,Full
55,86,9.158064463881725,21.388254371188342,1,3,0,Full
230,290,27.87389900402127,13.28954807511742,0,0,0,Full
223,95,24.726004408414237,17.489145266446005,0,0,0,Available
115,254,12.832264867395342,38.30813652973185,3,5,1,Full
87,135,12.866355219883376,15.396550876558024,3,6,1,Full
210,247,33.174908317372676,4.139169066150923,3,0,0,Full
116,91,22.420460254574447,18.544087182533747,1,2,0,Available
149,246,7.528772152996561,25.921934939122746,1,4,0,Full
126,257,46.40866698951806,0.48452464399566075,3,3,0,Full
84,186,23.222861861441018,13.293622400607221,0,4,0,Full
256,123,31.597139968550966,15.74057680521799,0,5,0,Available
94,259,44.84353774632681,18.548593830557827,2,1,1,Full
199,168,23.09715487731415,12.067367746978213,3,1,0,Available
284,110,41.92970177350622,26.67689033863493,1,0,0,Available
117,289,46.163850107132745,37.78836894903249,2,5,0,Full
66,86,12.833032264851656,36.559927041588615,2,4,0,Available
54,12,45.1621607001489,26.57573659236067,2,2,0,Available
262,262,10.392460101787016,20.275362645770002,3,3,0,Available
106,287,17.380733422069987,33.03260505766637,3,6,1,Full
265,22,41.369515144260646,33.43748751434254,3,4,1,Available
144,199,45.53080467294252,33.1829221127878,0,5,0,Full
217,241,35.78624547678757,6.313837514775988,2,5,0,Full
294,238,9.717163228512174,1.0172936544776068,0,6,0,Available
297,164,28.534652460713865,39.327736389924404,3,4,0,Available
79,225,30.768534907239715,38.386167828838964,0,3,0,Full
219,175,17.683687850029592,22.575138435550524,0,4,0,Available
56,28,49.6083113105179,39.72254866869443,1,4,0,Available
290,164,20.10325805867288,30.821881790714425,3,3,0,Available
173,22,14.461464618241665,20.69520733813802,2,2,0,Available
248,293,9.9561212893422,15.573242685728896,3,6,1,Full
140,43,22.03255673929121,23.714528379740724,0,5,0,Available
265,260,36.1678411240724,20.63208406661917,3,3,1,Full
196,179,15.413769198161747,39.75210106804784,3,0,1,Available
218,295,39.62948978586174,19.61841264036948,1,0,0,Full
297,138,11.093057047477721,33.43684344748629,1,0,0,Available
211,247,24.82105689403568,32.54495292552966,3,0,0,Available
199,240,36.60681830477184,2.856250940231604,1,6,0,Full
101,105,11.088923120943697,3.480270692425247,0,1,0,Available
292,172,31.902899449773983,26.392404592055847,0,2,0,Available
268,48,40.95286305876075,10.364320269412053,0,1,0,Available
55,122,31.799700333014297,26.30108138788426,1,4,0,Full
251,34,28.015876594738288,5.7850357725412005,3,4,0,Available
158,105,42.72347989412783,15.882729088232157,0,3,0,Full
144,195,49.34391575005475,4.098810653023359,2,0,0,Full
202,108,13.159082855982863,11.283723072625573,0,3,0,Available
115,124,36.110585359739176,3.531943604306851,3,4,0,Full
59,294,8.62958994527915,38.82314620790716,0,0,0,Full
251,36,6.927846078827623,15.802337380491004,2,6,0,Available
75,187,17.636853660395452,36.04755071592744,0,5,0,Full
182,22,48.69139048370959,38.84687076115393,0,2,0,Available
263,260,29.848804311602194,36.38250640510287,3,4,0,Available
117,193,17.072210477993504,18.198386574648353,0,5,0,Full
296,151,10.966374338223144,31.155891903282292,0,3,0,Available
147,17,46.40825313560013,6.147979350201038,1,5,0,Available
120,26,21.30649618421483,3.793304552768353,3,3,0,Available
99,23,18.80137716741492,35.076058713229116,3,4,0,Available
66,28,43.608354439955235,1.2448058281299357,3,1,0,Full
60,138,32.198127426989174,38.8930940358868,3,6,0,Full
102,145,12.588625023873224,26.885355202564515,0,6,0,Available
99,122,23.967973918362727,16.784520856024354,2,2,0,Full
185,127,46.770398064756854,5.655013055242208,2,6,0,Full
269,116,45.554160855395956,28.929246038188488,1,5,1,Full
173,131,8.154940672593987,22.524470176134113,0,6,1,Available
285,288,17.087593673868,28.445080297862773,3,5,0,Available
297,205,11.954272911311723,16.71688822515684,3,4,0,Available
274,235,29.02152714162552,2.6504033224364676,2,6,1,Full
293,41,38.74924926636433,12.598888022029078,1,4,0,Available
111,159,18.29944450201854,12.600830128587631,0,6,0,Full
266,251,39.10982348233948,0.34716633350643455,1,3,0,Full
262,178,35.092200788112564,0.38324060395694026,0,0,0,Full
125,124,37.769999423338255,13.230331488017733,1,0,0,Full
172,259,47.67096709861939,29.1049353919685,1,0,1,Full
139,275,24.107533735401624,24.961749216674995,3,3,0,Full
78,212,20.415561107516563,9.560705868260362,2,0,0,Full
151,189,35.773124365925945,24.110506086886847,3,4,0,Full
276,57,41.34007136650056,25.895103822379664,2,1,0,Available
150,202,13.615038126917227,20.90279691299996,1,1,0,Full
159,79,43.10598203666426,20.854159007472898,0,6,0,Available
221,227,7.603362094959113,14.78991492250557,3,1,1,Full
158,94,5.28771884342088,4.93577455012947,0,0,0,Available
222,3,12.129221723278073,15.419352002016984,3,1,0,Available
78,164,49.04002341379546,13.813372645873102,3,5,0,Full
290,299,28.56044199279994,23.67890371504233,3,0,0,Available
265,41,7.095533518134921,34.25040675066433,0,5,0,Available
108,284,49.87290578223708,15.0150065936154,3,4,0,Full
192,228,38.52100646721601,28.389411115987407,3,5,0,Full
119,242,42.710228417804736,32.47321509985874,3,4,0,Full
145,211,14.582323691603754,8.470060549231846,0,3,0,Full
93,299,9.745224540636094,36.06600707518874,3,3,0,Full
275,54,28.178822422293546,2.8177975271744238,0,6,0,Available
213,172,39.74790579270091,36.06877355190763,2,5,1,Full
133,276,33.70012935433239,6.545315705167605,3,2,0,Full
170,228,33.397669918317696,13.486784113372625,1,4,0,Full
106,29,39.06932376597439,24.209408806726533,2,0,0,Available
166,22,15.21593714990804,36.227334630833006,0,2,0,Available
113,4,34.768367681494524,10.228057622609409,1,4,0,Available
253,62,22.64498011109108,30.54295653866302,0,0,0,Available
148,220,8.138906839415263,28.41743232963477,0,4,0,Available
290,81,14.09641728095234,6.388350485686685,3,4,0,Available
87,241,40.73016826422016,19.17855778337312,1,0,0,Full
297,252,45.316881413620564,19.260203727105285,0,4,0,Full
194,51,17.72698151877696,12.184472586266004,2,4,0,Available
76,38,13.566242210255695,31.196852661431812,3,4,0,Available
66,258,6.202602691032866,37.03735409492394,2,6,0,Full
112,270,47.64638248640653,28.662898344112673,2,3,1,Full
60,71,35.77347162658435,38.91818932091259,3,1,0,Available
113,69,48.066354726942215,2.0187388432644937,0,4,0,Full
296,219,43.873213233674974,1.4889074035758076,2,6,0,Full
88,3,20.320996671068347,35.75434709972987,0,0,0,Available
179,289,10.070737058997807,35.912014787864095,0,5,0,Available
164,291,27.4575557687062,4.284831403515295,3,4,1,Full
243,230,6.206620901795196,14.297841962756985,2,6,0,Available
231,79,11.746248266455233,33.41578312451413,2,3,0,Available
206,65,15.50446830567876,5.141627100065835,3,6,0,Available
94,135,34.954096826501384,10.697122904368284,0,3,0,Full
265,190,27.944486327934325,27.239841474318123,0,5,1,Full
137,58,18.6088800250759,39.275962179119915,3,4,0,Available
129,265,30.414577963610295,31.88555360281569,0,2,0,Full
208,6,10.634119199976528,31.092704912575492,0,5,0,Available
226,201,39.006865706837566,13.706506547645475,2,1,0,Full
284,236,37.041581243897795,26.453722866858968,0,0,0,Available
58,267,14.742620405623823,4.52353155723312,0,6,0,Full
204,78,32.2876200099338,39.690681327339966,0,0,0,Available
233,45,27.648617193375706,19.22337271015961,0,0,0,Available
154,242,7.736734033240989,25.552314730575137,3,0,0,Full
174,287,17.51692625762605,35.04687594725815,3,3,0,Full
127,159,49.97672168107336,0.038598473742559314,3,6,0,Full
94,114,9.479104749986721,39.03929710385232,0,1,0,Available
266,113,27.788508815997233,14.366372486807727,3,4,1,Available
220,125,43.220018957655974,13.583629655833054,1,4,0,Available
157,89,18.529334285232377,5.802533443706155,1,2,0,Available
199,60,16.731888754718774,34.327376411341646,1,4,0,Available
148,101,45.085687326064566,34.83358143468962,2,1,0,Available
210,113,18.717347614170787,0.7995599577956103,0,4,0,Available
76,173,34.31719900637564,2.229008834932653,2,3,1,Full
89,91,38.314084294894215,36.73366642534682,3,5,1,Full
75,182,40.487798718819725,4.914725291096063,0,4,1,Full
132,204,49.76418367881484,24.837098558678356,1,0,0,Full
222,194,41.143643136945514,24.786018006732636,0,0,0,Full
280,24,34.56554705993905,34.78921340434617,2,5,0,Available
222,233,45.29586009915381,22.906164217027136,3,0,0,Full
75,15,45.75850860375264,17.360456452425154,3,0,0,Available
119,140,48.792490594682675,38.97523130364182,2,3,0,Full
116,107,39.94093690144187,9.1526190399588,0,3,0,Full
55,299,13.771729876915892,10.508720707327331,2,3,0,Full
77,79,36.941274000679556,3.3907861919443194,3,4,0,Full
244,75,8.380779873971832,39.01267268619777,1,5,0,Available
62,275,19.308331756192707,28.254408353504616,3,0,0,Full
112,267,10.211337964201256,0.4838834996560415,3,2,0,Full
62,111,47.7474173099393,28.1725611031615,0,5,0,Full
298,74,20.24393505009629,16.165444444547692,1,2,0,Available
254,213,37.09470408994624,38.701987669413654,3,0,1,Full
178,33,30.70932961037573,11.095500086495722,1,1,1,Available
89,140,9.838013587571158,28.411453548555933,2,5,0,Full
214,165,30.260500154639484,25.09736601497583,0,4,0,Available
80,230,34.746059454119276,0.4819989958499482,1,2,0,Full
293,291,44.66827657911333,35.40867717329494,1,5,1,Full
66,27,8.153853908861443,5.58450641411866,0,5,0,Available
186,294,18.303529329357826,26.543551159913324,2,3,0,Full
158,90,36.15534247606756,31.021938031771562,1,1,1,Available
113,114,6.544923614231534,25.23710585993844,0,3,0,Available
106,158,14.15990552798619,3.8845547005463565,3,1,1,Full
190,257,14.840167838210066,39.00716545018764,0,1,0,Available
214,89,35.11968857481082,9.472716580848894,3,4,0,Available
191,244,17.868230576395135,25.114590797754758,1,5,0,Available
252,297,31.98180480170708,31.887122330452446,1,3,1,Full
74,30,48.44068010043382,37.56944039626047,1,3,1,Available
272,227,40.695934190055524,24.16042117023631,2,2,0,Available
171,127,19.98062620900277,10.362165966524625,2,5,0,Available
127,269,26.257998597771394,33.46556069627866,3,0,0,Full
106,269,14.030325594545129,6.5287986380028595,0,0,1,Full
120,208,5.707400463655242,0.8912971228428246,3,2,0,Full
137,177,18.037192915618622,36.32595433769607,0,1,0,Available
162,190,21.62338750422222,23.01555832218424,1,2,0,Available
149,67,30.39652278133139,2.785659632452746,0,2,0,Available
219,266,47.48299921686784,23.18917548492021,2,3,0,Full
219,269,47.65334328823251,5.800566732897945,0,2,0,Full
96,127,8.154423448667995,1.2554402558746025,0,6,1,Full
165,263,32.65905557890267,4.660961899630167,1,1,0,Full
221,220,6.905869289953525,31.004297140238812,1,0,0,Available
218,241,34.16364836670666,30.226436192543993,2,4,0,Available
180,243,10.296637802381596,24.172725396611327,0,5,0,Available
288,18,47.58812712599452,8.373131596512229,0,2,1,Full
285,154,43.895240714253625,29.558682631812342,0,5,0,Available
139,228,6.004797374902249,16.321810688602703,1,2,1,Full
160,57,40.19592760060353,20.4301446850536,2,6,0,Available
139,280,33.615370272677495,35.90562773305285,0,5,0,Full
178,44,27.29161357854706,18.314300949525016,0,3,1,Available
256,101,32.118551903861984,25.054646154059625,0,3,0,Available
188,47,35.52125272084119,38.47005967351632,0,5,1,Available
278,49,44.80058640022309,18.055595953359894,2,2,0,Available
184,80,39.53109474692354,22.429115927707606,2,6,0,Available
61,299,30.892001869849576,23.376584995337918,2,6,0,Full
293,58,42.10770473352538,9.628462354910173,1,2,0,Available
298,160,49.41153304266201,29.476882491318097,0,1,0,Available
215,102,18.50819094019826,29.065481130953902,0,0,0,Available
231,273,10.328931230822068,8.542269659827282,0,0,1,Full
244,182,37.91517173189149,0.5335217933805048,0,6,0,Full
155,115,49.03683502608424,39.95766282273812,3,4,0,Available
171,266,10.251766454111042,23.263509318427587,2,0,0,Full
102,163,24.4268266103709,7.241281695040054,3,4,0,Full
267,142,7.8020438983575,11.342619300587176,3,3,0,Available
295,93,39.94393742468554,24.711681688363996,1,4,0,Available
271,249,47.691892207270044,5.504623241923214,1,4,0,Full
209,239,27.454736950339996,1.4912254843582584,0,0,0,Full
149,58,23.42845162670851,31.93919337818974,3,6,0,Available
222,14,45.84735604627345,28.633849774076673,3,2,0,Available
228,284,11.002477519270247,12.38406592531934,2,6,0,Full
86,202,45.12129401637615,2.3396551109827657,3,3,1,Full
168,236,22.645670126061535,19.450836433923104,1,1,0,Full
108,295,30.17328855610538,11.047451597022357,3,4,0,Full
103,286,28.773144730773907,15.91116869254591,1,4,0,Full
195,72,32.71906284847003,10.958773855024116,0,5,0,Available
50,213,47.39554911908768,7.010704797036973,1,4,0,Full
294,10,47.800716452032,15.479591473455553,0,6,0,Available
198,224,42.40167202236585,38.59576493911261,2,2,0,Full
77,202,13.619483466700974,10.649114680398682,0,1,0,Full
161,230,20.008234597480673,13.438665761879381,3,6,0,Full
65,50,26.952118261454512,13.169681340985226,1,5,0,Available
225,56,45.74574227158328,19.21155279162161,0,6,0,Available
77,131,28.438917073079537,33.74022155171134,0,0,0,Full
199,279,48.98460491009591,16.084903661985802,0,3,0,Full
260,296,49.27285272511471,32.24591856132167,0,2,0,Full
161,224,31.93629167583422,4.600484377301486,0,1,0,Full
178,173,44.4872902796515,35.796288187284524,0,3,1,Full
272,291,49.96502204107545,7.412163340957383,1,0,0,Full
165,265,43.23724331095489,1.5680599633010983,3,3,0,Full
293,246,34.560995593381456,6.334179215082534,3,5,0,Full
219,77,43.03100864842227,7.629991651626078,0,4,0,Available
147,134,8.719477780541949,20.340165104534364,1,4,1,Available
287,139,33.56695928884277,17.99753171012223,0,2,0,Available
281,252,14.74349145057523,28.634976677268345,2,3,0,Available
119,175,10.222864279280332,2.038043431746539,3,6,0,Full
141,59,45.17920635476458,19.90825005504338,0,4,0,Available
52,253,33.78402246911242,13.298849076935234,1,2,0,Full
272,7,15.959594566486567,25.22825328364034,3,2,0,Available
257,106,22.405203398306686,1.7479889650007374,1,5,0,Available
130,170,48.79744454090263,1.3973923567263746,2,2,0,Full
93,57,43.79819237958329,17.09006405585186,0,0,0,Available
204,289,5.701180797523219,32.45357916806048,2,6,0,Available
228,83,49.09104478095549,26.843762565410984,3,4,0,Available
73,116,21.58382630059058,0.6682436764626365,0,4,0,Full
197,199,36.293817469366616,7.138883768564894,3,1,0,Full
209,21,37.070445407413715,9.069258580697719,0,0,0,Available
148,218,46.025799606816236,16.922357101807787,1,4,0,Full
190,225,44.827739429162655,23.46862735687198,3,5,0,Full
161,270,17.67783161523474,8.658406955891586,2,4,0,Full
220,101,33.95909652285789,15.300568978891906,2,1,1,Full
197,144,22.7167440318052,23.357735759750568,1,3,0,Available
172,146,28.64946814068739,15.337412156065962,1,3,0,Available
161,260,29.96053364457226,5.726776855385287,2,0,0,Full
293,278,22.835455062396655,19.666445021528943,1,2,0,Available
179,13,25.875230919819202,12.959767838152217,0,1,0,Available
117,265,14.375402056445504,34.567534502193425,2,1,0,Full
140,286,32.344087246766236,31.024996323753374,3,4,0,Full
109,140,39.15319169492423,7.611003689347577,2,5,0,Full
266,292,24.338354185547356,6.105431653233775,1,4,1,Full
181,30,48.995603969183094,13.907066932580001,0,5,0,Available
173,170,7.575188333516085,16.486980017743697,3,1,0,Available
145,204,31.51223067862465,37.280726052989124,2,2,0,Full
194,290,31.262034804969293,12.06482948341332,2,3,0,Full
178,110,6.6333325284837255,34.70337411873966,3,0,0,Available
82,67,15.10565775789821,20.21237117414863,0,6,0,Available
79,182,45.74941626423044,35.424949022295586,1,5,0,Full
54,195,29.50313200741462,28.078151093143457,1,3,0,Full
167,125,24.63736437355462,28.335558724374756,1,0,1,Available
189,174,23.69734004915775,20.751899499845912,1,2,0,Available
279,261,44.96723744090492,33.61216166312559,3,1,1,Full
209,285,21.51640290297136,10.176992209667826,0,2,0,Full
87,154,43.6625088046816,36.29405086067476,0,5,0,Full
298,68,18.91366696892526,25.47103420143869,2,1,1,Available
66,107,28.917679302627953,17.548356059701028,2,4,0,Full
235,34,11.471889629115896,39.287596136622284,0,0,1,Available
295,43,42.126364050955004,34.48056427646561,2,4,0,Available
158,142,38.11886919521725,30.880840513267984,0,1,1,Full
89,210,28.85418785636449,10.956098842757754,3,6,0,Full
273,284,6.1655588365537755,38.94962801729591,3,0,0,Available
201,5,26.65657993358993,29.719500113038233,1,0,1,Available
189,217,15.133843770136107,24.208691361161662,0,4,0,Available
160,26,23.601843314375873,36.87196916053332,3,0,0,Available
177,226,43.539191998639,6.487267277165167,0,1,0,Full
144,283,39.63214874078298,5.56064211057107,2,6,0,Full
196,55,15.887880927841874,22.548536575630408,0,5,1,Available
78,104,49.32290448164977,2.2685438653244283,1,5,0,Full
262,17,45.64447278307105,26.559474474680627,1,1,0,Available
267,204,28.79030494101949,9.629645524624792,3,4,0,Available
229,42,28.8567644129561,4.761063117722855,2,2,0,Available
269,88,45.556968425148604,16.37983399165912,2,1,0,Available
194,73,33.626516379765434,18.637985054622547,0,5,0,Available
122,156,29.150978533824784,6.819394555842844,2,1,0,Full
70,265,38.71168356564182,1.6614108382452875,1,0,0,Full
291,133,15.579370187183853,16.562223649552546,3,0,1,Available
109,88,44.52698388630198,30.381053439537197,3,1,0,Available
147,235,28.913685818362445,34.96799082404087,3,4,0,Full
124,131,32.157468273726536,3.9019317651639884,2,2,0,Full
168,228,9.047474206467552,20.987018520450206,2,0,0,Available
197,33,18.927903144300423,10.536119552255393,1,5,0,Available
162,82,24.203090150244254,14.985354784114659,0,6,0,Available
230,131,23.625928554620877,37.33767319039626,0,0,0,Available
163,203,40.02279647803061,14.082990917825878,3,5,0,Full
288,286,17.70450788705036,14.613837207133074,3,6,0,Available
152,257,13.19491680543797,8.37583302979965,2,2,0,Full
129,291,31.217776315801395,38.40073672103422,3,6,0,Full
112,124,32.675668626518714,18.259494266411338,1,0,0,Full
106,150,10.47124881888084,22.815685362270518,1,6,1,Full
78,246,5.1110826343698195,18.12672369205599,3,4,0,Full
178,174,46.29420860098365,10.116763070554565,3,5,1,Full
173,79,8.583664870100032,32.416504525639475,3,0,0,Available
259,106,45.40401193739001,1.1388490350728464,3,0,0,Full
108,299,22.9646693473885,27.60973720366775,3,1,0,Full
241,57,34.38751585977802,23.770912423974096,1,4,1,Available
135,90,13.352661081787831,5.771226027549967,0,4,0,Available
249,134,42.07626625223701,6.636201772027577,1,1,1,Full
120,168,13.108702410494343,26.369023516034776,1,6,0,Available
138,121,22.3929116741708,12.48555166653086,3,5,0,Available
271,235,15.711160076637187,10.629523126627166,0,3,1,Full
147,75,42.687768095912155,2.366243821491172,3,2,1,Full
93,22,43.625111614199575,30.65932357291137,1,4,0,Available
225,72,21.741300021660408,35.30687741202581,0,3,0,Available
282,87,18.832031195192314,32.793774069029354,2,5,0,Available
165,102,39.81044188378243,18.641364780001478,3,2,0,Available
124,93,44.5330387315063,21.3582563432225,2,4,0,Full
192,265,33.080899735132874,9.691047759387533,2,0,0,Full
212,252,46.73316540780965,6.914189576751446,2,4,0,Full
72,57,22.236971578253762,32.92004699565379,2,2,0,Available
230,8,11.834888090781302,31.93376642179321,0,6,1,Available
94,12,13.08393420426686,31.09439313747568,3,3,0,Available
262,130,35.1424378533749,18.534372255905392,0,6,0,Available
141,221,23.338689038537744,34.580310433782365,3,0,1,Full
62,152,12.034156925381797,37.04928277403259,3,2,0,Full
83,70,18.150208470662356,13.133773786137791,3,5,0,Available
215,19,28.877228241473684,8.987779671214234,0,6,0,Available
119,80,10.46503701329614,18.57052123103933,1,2,0,Available
157,227,5.154912452498438,7.1730542669837005,2,4,0,Full
245,18,46.27841213730257,35.36011540559588,1,5,0,Available
182,164,18.718753585013857,13.519620003110777,1,1,0,Available
296,106,14.967416540434384,23.04687146162307,1,1,0,Available
175,213,36.431636437768496,23.788779836285002,2,6,1,Full
217,238,43.403122498139524,20.599515213835854,1,0,0,Full
247,146,33.45254453045859,6.261028376923932,2,2,0,Available
70,180,16.45172393443392,39.640025603734856,2,3,0,Full
205,197,43.77364805094389,6.904129169645188,2,0,0,Full
180,286,27.969223825724868,30.060294422836392,3,5,0,Full
72,52,22.15358613321111,31.654514962206363,3,6,0,Available
249,239,32.21267538348383,5.806548334450907,1,0,0,Full
68,289,36.527550063724235,37.326540461995215,3,6,0,Full
294,286,31.7223443351814,19.510350505109134,2,4,0,Full
252,187,46.411045057526266,25.155318342707464,3,5,0,Available
99,5,33.26080126995741,25.687442241391846,2,3,1,Available
251,282,44.53613206815094,20.19820502369203,0,2,0,Full
235,262,31.413129581924306,5.6808817648461485,3,5,0,Full
269,48,19.83558081785562,30.070134315651966,1,2,0,Available
69,199,28.95335678674379,23.27143340493969,0,2,0,Full
285,59,8.885151034322115,4.74722461029534,0,0,0,Available
165,32,15.357858525310743,28.012878745344345,3,4,0,Available
141,243,39.48042479916725,28.110530432259623,3,0,0,Full
142,171,34.76640248079917,21.939457843836607,1,1,1,Full
249,206,12.49334197402376,3.621952411662721,0,1,1,Full
132,282,24.710682931613654,14.105761245469171,2,2,0,Full
102,21,11.389649266861237,2.0369643050680386,3,4,1,Available
289,46,43.51180353682883,19.103840753055653,0,5,0,Available
172,157,9.912636578942998,36.25788527576174,0,2,0,Available
134,257,34.44057485421506,0.09011930451694905,2,5,0,Full
131,142,32.31500004401761,10.665546121696487,0,2,0,Full
58,46,26.274949054108244,31.9943640459234,3,0,1,Available
53,26,17.52055801988638,0.39443335286426073,2,2,0,Available
218,26,23.178042499686324,0.40693748184026823,3,2,0,Available
74,144,41.28760852074711,24.432743443775962,1,4,0,Full
83,74,39.26978669957461,31.56799027194338,0,4,0,Available
122,186,38.24641018225114,31.060216698666828,3,6,0,Full
186,9,38.7420612962476,31.18312082997148,3,5,0,Available
131,120,11.47488684599026,14.440253792706628,1,4,0,Available
252,288,9.459340266309423,35.308965770978354,0,2,0,Available
190,164,43.767438028430995,0.5134240558694758,3,4,0,Full
279,263,42.672855665499974,12.487549470892017,2,4,0,Full
186,160,35.65932368208635,13.487507793415595,3,3,0,Full
257,296,32.26575853919922,6.622845032781646,3,3,0,Full
53,117,21.50922679170748,13.449038919683968,3,1,1,Full
211,262,15.083716621010147,23.435365202084363,3,0,0,Available
56,83,35.04453969784264,20.8111725078953,0,6,0,Full
64,145,46.08655871371146,12.777094343381595,3,6,1,Full
298,170,24.664845908216748,29.973100547298223,1,0,1,Available
87,13,18.64456116003066,28.59162313751229,3,4,0,Available
252,148,17.1833816070271,11.227859083217616,2,1,0,Available
273,250,6.066735930488688,12.9291357111167,2,1,0,Available
140,56,28.414252498732946,11.500807945285105,3,5,1,Full
271,132,49.470621343467414,5.154046660448621,3,6,1,Full
101,169,41.68569722626951,30.111265718434193,1,3,0,Full
130,101,45.38636231743662,1.8510604206099623,1,1,0,Full
149,105,32.95238433239777,6.023219764136911,0,2,0,Full
260,170,26.665088471723788,4.2121807099138975,0,5,0,Available
56,127,49.570565333168815,33.013559020973375,2,6,0,Full
156,249,25.122294978748112,1.7603406154700396,3,4,0,Full
94,31,46.2573759071051,26.58509159666235,3,2,1,Full
108,215,39.28301639526807,1.7789839364321391,1,0,0,Full
171,261,19.89402913571237,31.457736156871974,1,6,0,Full
70,243,27.637798246384325,36.50856345574994,0,3,0,Full
205,284,22.29481497936656,19.47372663338246,0,2,0,Full
52,289,11.130047337468422,32.181672040491826,2,4,0,Full
191,262,21.054496170298684,28.256421314009135,1,2,0,Full
51,84,45.00377979260425,31.825411686938686,3,2,0,Full
78,44,38.86860584070806,30.67100798103954,1,1,0,Available
195,199,17.491148343574793,8.214715349549277,1,3,1,Full
86,200,21.556099089389228,19.98236040619158,1,0,0,Full
222,167,32.73952653529348,38.41656748505543,0,4,1,Available
94,239,23.726291675381933,13.741317783259666,3,5,1,Full
201,285,27.63698523640533,38.819483625482576,3,5,1,Full
169,189,36.417578499319205,23.326468457349435,0,4,0,Full
95,70,26.02628816648093,18.464456706631097,0,0,0,Available
189,144,13.59364053502381,26.310298601048085,3,4,1,Available
102,208,28.425827179167317,32.633566847107744,2,1,0,Full
94,207,21.02532035976916,15.768326194029969,1,5,0,Full
81,221,18.083040280638016,1.3181670045855176,3,6,0,Full
67,286,19.76488524979336,28.352251918816457,0,5,0,Full
62,162,24.755099787050256,38.2466713798954,3,6,0,Full
181,71,44.89759142922295,24.99946601105352,1,2,1,Full
72,239,38.032569694859006,7.536579141818933,3,1,0,Full
111,126,35.054687232561285,9.929701287244415,0,5,0,Full
103,84,26.206709489678005,36.390028745254966,2,1,0,Available
251,14,5.082347621735755,0.5424838241788255,0,1,0,Available
232,247,20.32478201475911,21.949866618536696,2,0,0,Available
118,282,41.59364179907631,6.347105807758231,1,5,0,Full
291,1,22.467690928298286,11.310577408683177,0,6,0,Available
217,73,30.371860628043823,12.279265979730404,3,3,0,Available
63,63,14.213291735619357,8.771309909533102,0,6,0,Available
147,260,46.213598383060585,31.694082508246233,0,0,1,Full
77,238,46.542669608168,13.288366959150352,1,0,0,Full
249,278,11.573167278125922,13.81939965062152,2,1,0,Available
257,200,37.58715271428495,18.120272547738363,2,3,0,Available
144,292,8.385732848836085,36.0918115496169,3,0,0,Full
120,285,31.934642809104403,27.52692128106732,0,3,0,Full
116,220,13.039414287169837,2.469988166711108,1,5,0,Full
206,161,11.556736362014174,1.5704768414629644,2,1,0,Available
149,182,5.185391782670144,22.655569183081017,3,0,0,Available
110,264,47.33857115903315,35.48242246908831,2,3,1,Full
152,131,42.31636211842061,12.930059040023645,3,4,1,Full
245,119,8.486400076608158,9.910873156086737,2,6,0,Available
186,218,31.97190245301605,29.927641812523163,3,0,0,Full
168,159,15.48042056596548,24.083654658793098,2,0,1,Full
66,299,16.8807146962823,22.6010936942722,2,0,1,Full
98,108,44.337664475419665,5.972047965741645,0,3,0,Full
240,237,10.1446585520541,7.038452746439425,3,2,0,Available
261,292,32.06705610483696,11.27151103696097,3,5,0,Full
127,66,23.05649907405541,8.273557387277478,0,6,0,Available
95,186,13.586026983363032,38.85778980185744,0,0,0,Full
142,35,25.33631338681981,0.7444406542462945,2,4,0,Available
170,48,47.32201791977577,25.04225353717296,2,4,1,Full
62,255,40.17245221537485,20.70395299501753,2,1,1,Full
277,106,10.945013061365014,12.930049435937452,0,2,0,Available
94,7,43.224338287294124,35.50354848415901,2,2,0,Available
230,235,47.18482380443494,26.806503101571288,0,3,0,Full
66,177,17.463392637899325,39.93417405292906,2,1,0,Full
96,241,20.003886298190643,6.746238373059414,0,6,1,Full
111,40,10.683946697992475,3.5147134347131503,3,3,0,Available
227,244,20.522304698978395,5.575890698653758,1,1,0,Full
92,112,35.291335871282556,10.77163870338385,2,5,0,Full
117,255,17.246975679332046,16.67147966271824,2,2,0,Full
173,165,5.3071254845114,34.50413140007772,0,6,0,Available
261,77,20.234509143506216,11.343670653155463,3,5,0,Available
252,206,25.392831303592967,36.60973240110729,3,6,0,Available
283,195,30.486021683931916,18.516307536188666,2,3,0,Available
263,63,35.77212969611089,25.882800741559304,0,1,0,Available
158,139,7.780295490294655,10.57630856223803,0,2,1,Full
295,41,26.13883753847485,6.240552640941517,1,2,1,Available
249,208,16.98631082078083,34.778277626321966,3,6,1,Available
77,72,47.65863044950239,4.380247220806557,1,6,1,Full
222,152,21.195432940726516,30.960852230680906,3,6,1,Available
218,134,9.505566442394166,23.2393722430743,2,0,0,Available
143,263,6.8671170847207,34.445511267153954,2,3,0,Full
274,215,16.943264941770792,28.712736483927085,0,0,0,Available
274,208,13.049543249718917,11.266564084461672,0,6,1,Full
288,203,34.24098320954342,22.977103890291048,0,6,0,Available
167,109,43.11349437684349,0.5229447842178914,3,2,0,Full
213,30,19.065141656161813,19.00873369489716,0,3,1,Available
140,11,31.00061547322207,3.440545422881427,2,3,0,Available
133,126,37.86373746414739,17.15779991241319,1,5,1,Full
82,193,22.931946011270075,4.384472319947088,2,4,0,Full
74,139,7.984652510213041,38.2191922778166,2,1,0,Full
285,26,15.313320991750336,20.922718296309114,2,4,0,Available
284,45,44.73796136399075,36.52871941106574,1,4,1,Available
68,134,42.10161198147027,0.8946489186306339,2,6,0,Full
224,57,8.893963797076267,25.506131355275915,3,2,0,Available
262,12,15.077692551525836,12.278180077064809,3,5,1,Available
155,99,39.6124376955494,17.273159838609452,1,1,0,Available
82,48,26.865420439496898,34.92349580858759,3,6,0,Available
297,290,39.19851642630759,39.20084379034979,0,6,0,Available
116,93,14.499161224796593,9.859678177334095,3,4,0,Available
191,94,47.871416262662365,37.93013141413206,2,4,0,Available
256,144,40.26233519599547,27.549077955268764,3,3,0,Available
210,71,13.885354617170362,38.05655657429083,0,2,0,Available
91,9,30.1302140305995,22.4946799448484,0,4,1,Available
263,161,10.089370764331601,38.43025139965882,0,1,0,Available
242,213,21.264566680692614,35.698218325897344,2,0,0,Available
144,3,34.68296158139843,5.143669649017841,0,6,0,Available
96,223,19.855745956794728,12.43159708406922,2,0,1,Full
84,28,34.55412780910856,9.722527660500475,0,2,0,Available
166,202,16.015075909734286,22.883973042010282,2,0,0,Available
261,76,37.454305123988014,32.11197726023701,2,3,1,Available
